source_id,ra,dec,parallax,parallax_error,parallax_corrected,period_days,mean_g_mag,mean_bp_mag,mean_rp_mag,g_mag_error,bp_mag_error,rp_mag_error
4156450099578283776,279.51377343258173,-8.36894716336299,0.518476588932823,0.02034218,0.548476588932823,10.341812681083045,8.86685,9.823165,7.8731704,0.03415237,0.029981324,0.08249074
5862711040048310528,193.6131042016273,-63.9353040523788,0.30870357234482565,0.019459184,0.3387035723448256,24.062339939791322,11.200543,12.98768,9.952066,0.0034232659,0.052031364,0.019012623
5332397512328481920,177.7350164689081,-65.14071211704355,0.25203400717119545,0.017163133,0.2820340071711954,4.944982117597536,11.146012,11.976557,10.242218,0.0032238,0.004466886,0.01885746
207722317998325632,80.88983072734074,44.76007592284127,0.2151235449730603,0.015190964,0.2451235449730603,2.4769620560330954,12.738015,13.435085,11.918398,0.0035350746,0.007295209,0.0025092687
5614312705966204288,117.01603522606064,-25.577770957680865,0.2330824472009733,0.01654418,0.2630824472009733,13.597380246729513,9.540547,10.125006,8.785503,0.0026708727,0.014504018,0.00755642
5973635442376616448,259.35609872277564,-37.31884253904908,0.47928899284871285,0.028500443,0.5092889928487129,16.265610206197454,9.528963,11.179938,8.295813,0.012593351,0.007977593,0.0064072288
5835124087174043136,244.71595190470393,-57.8998028272921,1.077422760007758,0.021939993,1.107422760007758,9.75441638926471,6.1654215,6.6542506,5.491594,0.004267988,0.005682909,0.003507683
430670222050230912,9.185443840729883,62.27423659630855,0.23116947636151502,0.012749081,0.261169476361515,6.239972555824355,11.720706,12.697921,10.740953,0.001265211,0.0013599278,0.0010708437
2067549118302850304,306.0805853880809,40.56106370946864,0.33069792064887654,0.017683512,0.3606979206488765,20.053370285547782,10.386857,12.121343,9.158795,0.06802341,0.086175755,0.030570606
5258574068224211200,153.886891979742,-58.17443820997405,0.3269844428413577,0.014117032,0.35698444284135766,4.932464288647911,10.250946,10.91495,9.452414,0.0013332942,0.0029964899,5.3605303E-4
3102810199992768512,103.21681100701309,-3.4116997161161775,0.2114992886065746,0.015270073,0.2414992886065746,2.106757443822954,13.216765,14.001584,12.337051,0.0034903942,0.0029283105,0.0019783978
3050050207554658048,105.24924016659969,-8.708982982716472,0.35494746098296515,0.018671352,0.3849474609829652,8.011728496318462,9.599231,10.313629,8.770786,0.0060007065,0.0053331847,0.0037226726
394818721274314112,6.581045994912247,51.28034347101264,0.991177518572784,0.023110967,1.021177518572784,2.1388677746898535,7.595734,7.9126544,7.1122265,7.174176E-5,9.849756E-5,7.9471756E-5
513282131279401728,23.91529893283694,65.33049604073416,0.23215815611239532,0.012806511,0.26215815611239535,6.557742853911396,12.471563,13.631931,11.408872,0.0022246584,0.0041562743,0.002385145
523887951723531648,11.624540673273616,63.54327283662884,0.3083867787379057,0.016221477,0.3383867787379057,5.512808474503947,11.160521,12.157927,10.164908,0.001205635,0.012235728,9.146917E-4
3454677697820598528,86.5188538959696,34.75779910466263,0.25216149068057664,0.018482415,0.2821614906805766,4.6906498206555245,12.387924,13.484027,11.347842,0.0028124268,0.003902389,0.0023561206
5351454827627440512,158.65486898856406,-58.02290836869365,0.2579850760232046,0.013199946,0.28798507602320456,6.662281913311352,12.263768,13.46187,11.149471,0.0021545715,0.0020712097,0.039547537
4256740751371777408,280.6270383914691,-4.330663267676961,0.35919575271947185,0.029620051,0.3891957527194718,9.993386422316188,11.14167,12.714432,9.935726,0.004104178,0.006192868,0.0037408525
432163221401882240,0.6457662526941449,65.08828839400572,0.3207034220222278,0.02366393,0.3507034220222278,10.930582955035584,10.615413,11.823643,9.538924,0.0014743741,7.440256E-4,0.002557796
3119433991174191360,99.63930577168144,-0.30136160284579194,0.20932645520926063,0.017995521,0.23932645520926063,6.932552425970202,12.548531,13.509211,11.57451,6.635333E-4,0.0028165174,0.0013736984
2027487621870155392,298.507002285687,26.93385321458042,0.3288406536563368,0.03068568,0.35884065365633677,15.211916474166703,12.586126,14.518809,11.2631235,0.004181381,0.008566446,0.0029632878
506779550797525760,31.952001905377365,58.44353350743497,0.3635678927977495,0.0168232,0.3935678927977495,10.881822093733051,8.844595,9.544217,8.022443,0.008169597,0.0027409464,0.0012356353
5254071873026676864,160.70348953969503,-61.12298444569125,0.2033727362582468,0.012161222,0.2333727362582468,6.4539915872520375,11.214226,11.94269,10.375066,6.7105825E-4,0.0011119284,8.5066527E-4
2172278803454142720,319.24954430029584,51.766287674717255,0.3242624659709528,0.017521607,0.3542624659709528,5.852412902561866,12.369388,14.013708,11.148452,0.0013333696,0.002885527,5.3003704E-4
522468168674975616,18.17150366008902,61.213353018125986,0.22248137319331968,0.017161999,0.25248137319331965,4.2595693433576995,10.961875,11.609714,10.16459,8.319166E-4,0.0016137052,0.0034264317
2011315528113463808,354.7016222767497,59.39182072678241,0.3763417679529736,0.013114914,0.4063417679529736,4.997448517309046,10.49662,11.361152,9.56442,5.8672024E-4,0.040607892,0.0025163807
5595650351503904896,118.45324316065627,-30.46030656809862,0.32572880790588277,0.012600483,0.3557288079058828,5.077408958905532,10.543822,11.269729,9.712753,0.0042479965,0.0055180867,0.003179766
5937099633141128448,251.32961593066216,-51.34263911860983,0.2062271353247607,0.019656131,0.2362271353247607,20.82078991102665,9.599645,10.507371,8.66269,0.0076731965,0.010512561,0.0074842437
444443941646255232,59.37392530394366,54.93807360732515,0.3376305998718887,0.021244662,0.36763059987188873,8.179564369946606,11.134742,12.385688,10.038078,0.0019188516,0.0021737844,0.0010770671
3430067092837622272,91.64560763762968,26.329219834148912,0.2749106248878307,0.017680945,0.3049106248878307,11.312845140896796,9.362969,9.956257,8.620237,0.0053643147,0.0066204113,0.005499401
430630708354628096,5.990202875496866,62.95015227817014,0.21876345767619523,0.014688794,0.24876345767619523,6.168069008098651,12.58484,13.835288,11.480599,0.0012390015,0.0021873794,0.0039865403
4251917636212432384,280.93130508577883,-7.731093599218625,0.8984895346991747,0.022722483,0.9284895346991747,3.6712032517308457,7.888672,8.432878,7.17864,0.0034881416,0.00338195,0.0062790737
4147381366335558784,272.50887793974624,-13.545961888655592,0.5351415727679009,0.019534282,0.5651415727679009,5.301039328916447,10.016689,11.094637,8.98009,0.0041485326,0.0058706948,0.006222754
465012883624730624,38.77408092405969,59.384074806596274,0.27983159659038986,0.017094426,0.30983159659038984,3.239155437313032,12.395734,13.489,11.357652,0.0036346111,0.005625917,0.002890792
5258418929684479488,152.6533201266987,-58.29636477552608,0.5575961654409083,0.020218434,0.5875961654409083,5.0705865560925245,11.942522,13.438934,10.754383,0.0014836635,0.0016433655,0.005673176
2014609252631258496,342.0961753159467,60.40476329379122,0.3027932263427554,0.014236581,0.33279322634275543,4.278762425209961,11.556411,12.585827,10.536386,0.0013561402,0.0033733866,0.010557106
513074186146353536,24.74993790566874,64.98923755219894,0.3866631973348637,0.015864009,0.4166631973348637,2.871427333203781,10.999511,11.765247,10.1175375,0.0068288464,0.020932728,0.0030501564
6054829806275577216,185.3379293350685,-62.28163515187921,1.2105790668398266,0.014247865,1.2405790668398267,6.733207560857596,6.313503,6.786081,5.6629767,5.311948E-4,0.0017457346,0.004750761
5254295559276699392,159.07420759086173,-61.012556830472676,0.38706216559252227,0.012845362,0.4170621655925223,5.204712113609161,9.071413,9.534502,8.433196,0.0010602786,0.007772664,0.0016090131
5309174967720762496,144.21440532678687,-53.03277856562425,0.3530570064290224,0.0121168075,0.3830570064290224,7.133632367052311,9.690457,10.485158,8.816345,0.0042906175,0.0044699763,0.0048762076
5542410585431412608,128.60861970956506,-35.98516840324765,0.20873482362069315,0.015484298,0.23873482362069315,3.737182168478453,11.307792,11.867844,10.576206,0.0013326971,0.017112225,7.2531035E-4
200708636406382720,75.34662500841718,39.96038109269793,0.6182206182940352,0.021079902,0.6482206182940352,11.62400752131378,7.3478837,7.879799,6.6207175,0.0015105938,0.002062259,0.016728574
5330212537852847872,136.14871432958145,-46.55363744859642,0.3434801534238439,0.014889738,0.3734801534238439,6.627846396610582,12.058611,13.475454,10.895159,0.0010924399,0.0034752605,0.007156128
4255229094685654528,282.5384871278478,-4.368117756737985,0.4586778763435941,0.021808147,0.48867787634359405,6.411017414284907,10.935697,12.408007,9.764599,0.009390099,0.013740625,0.005292771
2066169128129884288,311.4838318240251,41.16856227705286,0.39836562060734343,0.026937213,0.4283656206073434,10.610164168318217,12.208375,14.297337,10.878819,0.002123869,0.002729788,0.0019153311
5254097093074642944,159.834649088274,-61.1524314062913,0.3854811329203991,0.012195961,0.4154811329203991,9.198734625781489,8.812843,9.367346,8.113326,9.252553E-4,0.0013126428,0.013657069
272444829450300160,67.5779220120974,53.94017591109325,0.22509042630558013,0.015230715,0.2550904263055801,6.569716592153157,11.8059435,12.647368,10.884802,0.0013086806,0.017646676,7.34077E-4
1968971582984827136,318.6684694387176,41.71633653100226,0.8637596783621916,0.012504909,0.8937596783621916,5.257661094161862,8.887102,9.892131,7.8950224,0.0017768126,0.0025594656,0.0017858446
2012181324799904512,354.4039697890154,60.37882647564568,0.3623885817610869,0.017942375,0.39238858176108693,3.903862178610759,12.916616,14.379049,11.736212,0.00410616,0.004442614,0.0030428404
3329849043206545920,92.80659407647386,9.612491421504487,0.3755857892147162,0.020807447,0.4055857892147162,8.618491368545602,8.664336,9.209534,7.9580374,0.01184864,0.01505931,0.0071254163
5867251679452872192,211.28961749981335,-60.47905962348727,0.3152454451409572,0.01887061,0.34524544514095723,4.948229392878148,13.031706,14.782788,11.777946,5.621996E-4,0.0012805209,9.1151113E-4
4252368406036530688,281.9215095053351,-6.90671544848629,0.3722575039930927,0.020797612,0.4022575039930927,6.4396917107684875,8.698079,9.251515,7.989257,9.5414615E-4,0.001148702,0.009949901
2012643600728382208,356.18159284996756,61.2827312194569,0.33939052099296524,0.016544463,0.3693905209929652,7.678258832130241,11.822876,13.088627,10.715662,8.2560524E-4,0.0016880216,0.0032899478
5350555981191990400,161.22531762506128,-58.297955370302084,0.23036843274824917,0.017453426,0.26036843274824917,16.323695750554503,11.778508,13.090515,10.616566,0.002880791,0.0686281,0.008307357
1998384927774603520,359.1111627453033,58.02685958993145,0.23776212431636184,0.012425041,0.2677621243163618,4.734929939581752,11.701949,12.54669,10.776332,0.0012821464,0.02200339,0.003808255
431184518613946112,6.407203214775372,64.2298909551446,0.3208306589249849,0.013740619,0.3508306589249849,3.026314517074764,11.667735,12.514125,10.701791,0.014314182,0.023777027,0.011350835
5545837900614099584,121.2959655933484,-34.360266434194834,0.27333800911682976,0.010720104,0.30333800911682973,4.08868465388384,11.7187,12.534527,10.826246,9.845165E-4,0.0010801713,8.089254E-4
457807268533229056,38.46902117034929,57.02749607362189,0.2665341145351581,0.019292574,0.2965341145351581,3.6501815291441617,11.11724,11.777942,10.27876,0.003934878,0.053224754,0.013833097
2061129486527124864,305.92156964047507,38.44999938020683,0.3351757475436694,0.018378915,0.36517574754366944,3.438074115437858,12.581102,14.143609,11.379049,6.8043184E-4,0.002741924,6.3419726E-4
2176050304426499840,321.7334081053037,54.491438756350085,0.260295188872241,0.016664574,0.29029518887224104,31.07248835369066,9.88918,11.250695,8.743751,0.017323295,0.012128961,0.0661225
3445193619757587456,86.93772058738413,32.014643822530864,0.20893442357219957,0.016126294,0.23893442357219957,6.762230847702526,10.460476,11.05415,9.709356,0.002922934,0.0057326914,0.002535228
4094007532908816896,273.0190261427981,-20.704024217137206,0.35779266569197754,0.024712019,0.38779266569197757,13.56460179802619,10.350155,11.705347,9.20431,0.014201319,0.029128749,0.01820195
5528719780180011136,129.04735518392033,-39.061754306997955,0.4168916141594201,0.018341491,0.44689161415942014,12.959330301279673,9.456337,10.6788435,8.369821,0.0036297494,0.0019385009,0.0038346094
524192787020949376,13.803870767302458,64.26075292969445,0.2017318247677794,0.0129362475,0.2317318247677794,5.6156384959431405,12.185161,13.331956,11.130314,0.0017444983,0.0018153742,5.7342317E-4
6026412893938675712,254.58229292948963,-33.60912997577984,1.2239836206721606,0.020576032,1.2539836206721606,6.061218647519838,6.7065787,7.266998,5.9812307,0.0057942653,0.0067164316,0.0072161886
5547421437881152256,122.36345933491235,-33.262114504946744,0.20069233554095392,0.011347318,0.23069233554095392,3.5629906052002402,11.816034,12.430886,11.051667,0.0043435716,0.0026427198,0.0057141623
5542528959037609984,127.2435975996836,-36.232071502294424,0.2308315683509923,0.013970195,0.2608315683509923,3.7065536616142656,11.317175,11.99237,10.513555,0.002372168,0.0032777349,0.001722052
4054440301294394624,262.70158664367625,-33.60991807976502,0.960099975039221,0.025053484,0.990099975039221,4.527729632474779,7.615785,8.167533,6.8713574,0.008639798,0.01818447,0.027738772
4111834567779557376,256.5229102004341,-26.580565130784702,1.153767464787478,0.024090275,1.183767464787478,4.0676730520696065,7.0813,7.5524898,6.4276543,7.7533146E-4,0.0011653184,0.005510302
524713856754200704,20.33778278674943,64.100785641067,0.2955943644393783,0.018213073,0.3255943644393783,4.702570529361752,11.5014715,12.599788,10.454414,0.0038460696,0.0072940653,0.007386484
446933167250144384,50.05961628290404,55.11583923200832,0.21570229240868322,0.015324402,0.24570229240868321,4.410230564356642,13.212647,14.733419,12.0272875,0.004407988,0.00615236,0.002421507
4756608527218082304,87.7471942809892,-63.2293009389752,0.3579697861406596,0.029588614,0.3879697861406596,4.290487564590278,15.654373,16.057636,15.085993,0.0036669858,0.0035835828,0.0038092467
5342889189698300416,172.7267395859271,-56.8988345157875,0.42609525663893344,0.022387536,0.45609525663893347,5.507920745783311,7.9690194,8.373766,7.3791122,0.0013946852,7.664015E-4,0.009389532
2063349022550766720,310.6549155263386,38.45705820804812,0.34755792950822095,0.02133936,0.377557929508221,14.08547939825654,11.18873,12.878555,9.976724,0.024861118,0.011842558,0.014652002
4253603501158148736,280.61174900910095,-5.340851905251926,0.4051139582357907,0.0164845,0.4351139582357907,3.917255480156369,10.515181,11.391753,9.585955,0.0027268713,0.006177715,0.0035157318
5932569709575669504,243.32248330227355,-54.23489685835529,0.4664669468312262,0.025073968,0.49646694683122616,11.288610615285451,7.9931264,8.623855,7.2183714,6.213226E-4,7.112467E-4,0.0024114358
4321755561092593920,292.2184567485708,16.688159835561905,0.2816035055239082,0.022221243,0.31160350552390825,6.048890237594987,12.167458,13.76795,10.958323,0.004808995,0.0038366518,0.0021070594
2012494342018730496,353.33454202589917,61.11907042193325,0.2569687806449367,0.011658746,0.2869687806449367,3.8712825574849448,12.198335,13.142912,11.207876,0.0019184999,0.011570491,0.011003099
450160096438199424,52.40116752532363,58.88240318831538,0.29334314132328493,0.016373845,0.3233431413232849,4.968147264326747,13.247119,15.133179,11.940005,0.0010026596,0.0033316587,0.0056186514
5699042480743325312,120.09545257991205,-23.703166946269217,0.2598857724259178,0.017215554,0.28988577242591784,5.027339263902005,10.0835905,10.509705,9.47718,0.0013337499,0.0051700207,0.0019604855
5312211543964567040,142.5659738715467,-53.058674803417944,0.3251580096554677,0.012553517,0.35515800965546773,5.4845932597550835,11.18291,12.078104,10.240672,0.0014832481,0.0013399516,9.4078045E-4
5238808628736339584,164.28833612032454,-65.13474394719451,0.29251954096672084,0.014486699,0.32251954096672086,15.714516773668969,9.008705,9.605321,8.21397,0.025163343,0.014412184,0.016700173
3031419601502352768,109.24720190730983,-15.307056825079506,0.2972805483152769,0.018314265,0.32728054831527686,2.3115396261704304,11.581735,12.266897,10.748083,0.013133261,0.01593127,0.012624874
5312871354004960256,142.69035438551873,-51.481917043423714,0.25243384045830347,0.016818147,0.28243384045830344,4.448938219139412,12.906934,14.1528635,11.812198,0.0018309709,0.006687352,0.001286541
4057701830728920064,266.89007492146686,-27.830834617754377,2.8057114280856257,0.13998193,2.8357114280856255,7.012112432949166,4.297882,4.6852403,3.7350929,0.006962619,0.11622035,0.018747749
1827869808377481216,296.64660010343846,22.889753281352316,0.4136931276069938,0.017299993,0.44369312760699375,5.197519215240402,10.033452,10.94757,9.094628,0.0010701019,0.0010422434,0.0031679815
5302258008774271488,127.18202311384255,-60.12256315648986,0.7926621151908935,0.0138803935,0.8226621151908935,6.696748676137484,7.1226964,7.5758104,6.4725194,0.0015583041,0.0010292296,0.0103815375
5530071831587999232,129.78342696387423,-37.375507356326665,0.20133792955888302,0.012560436,0.23133792955888302,4.065855810500746,12.256243,12.877162,11.487749,0.007210356,0.00719799,0.004916085
5338024572321721216,164.46107872433964,-60.74208432060505,0.4137353685869593,0.011167433,0.4437353685869593,4.266072139827661,9.44988,9.963742,8.776262,0.0019525839,0.0013081233,0.0048251455
3102246837723495296,101.8180669588419,-4.650111470716617,0.2084328660094414,0.018788246,0.23843286600944139,10.206248791732813,12.437012,13.738793,11.319523,0.0028027797,0.0066816676,0.0018076871
3102535635624415872,104.34904133923685,-3.8433360327914237,0.3139351852578725,0.014882568,0.3439351852578725,3.937772009143462,12.1027975,12.993026,11.17434,0.0038264338,0.009282895,0.0037525974
515832929535462016,41.080820297258654,64.76592321227983,0.24881898049506845,0.014368788,0.2788189804950685,4.238828850219458,10.959705,11.807668,10.048317,5.7371164E-4,0.0010374407,3.8719518E-4
447183340501268352,48.120250643475096,54.44485009410995,0.36746296816073276,0.01913195,0.3974629681607328,9.715327516192838,10.709465,12.017249,9.598416,0.0011290347,0.00198198,6.3821033E-4
2056068193989793792,307.2423181327481,34.135083478343844,0.55836674276519,0.013385226,0.5883667427651901,4.612072229090385,10.096521,11.147813,9.082546,0.0018290163,9.915316E-4,0.0013689634
5600052040150252800,114.64681824177369,-28.499600829261375,0.2010983273106137,0.014700196,0.2310983273106137,23.172331970443697,9.192757,9.865075,8.372339,0.009171147,0.01018955,0.0040152944
5865206961464617088,201.6252293700785,-63.16262565931129,0.2084973712985102,0.018814906,0.2384973712985102,12.88066969459292,11.047864,12.161303,9.999227,0.014480738,0.017384171,0.013385079
5329352998951582976,130.91118029354817,-47.40309012410012,0.40402247453870505,0.018353475,0.434022474538705,23.352513760390675,7.7184925,8.37664,6.90797,0.029583491,0.04296374,0.021323457
5888819699572539264,231.15974101292744,-52.85387016499332,0.8408077446720916,0.021128751,0.8708077446720917,9.276907986801332,7.2232747,7.878202,6.4337673,4.0797936E-4,0.0013029313,0.0037989784
6059635702888301952,190.35841821390846,-59.79418647823048,0.7421630410367415,0.019866327,0.7721630410367415,3.837622498272903,7.999543,8.409109,7.399397,0.0045101955,0.0055346466,0.0058609974
3437868570213317504,91.07773519264971,30.498764122178656,0.2636548626285032,0.018021254,0.29365486262850315,3.505132967692451,13.383068,14.798818,12.219749,0.0038753087,0.021818941,0.0020394258
429385923752386944,0.24679751198211522,60.95900169186151,0.2683305237457323,0.013846614,0.2983305237457323,4.365371186276669,10.842955,11.61377,9.970662,0.002604098,0.01503502,0.003451145
3113680251125330304,104.16581674911237,0.19004033274609927,0.25151879593806326,0.018437143,0.2815187959380633,4.022602958431276,11.285285,11.876897,10.445418,0.0011720015,0.09359426,0.023251759
5853901851624637824,211.9249976828373,-63.254334645461356,0.21453271659753054,0.019477446,0.24453271659753054,7.797157370567708,11.647874,12.953167,10.529251,8.969329E-4,0.0014366352,7.088987E-4
5338215200143652992,163.78783366011064,-60.547722596948,0.24002847016426904,0.01239087,0.270028470164269,5.336376207265019,11.438394,12.246952,10.548267,0.0012742036,0.0016805218,8.515596E-4
5235910694044165760,176.13693452898704,-67.3052504233763,0.666400989369461,0.014535544,0.696400989369461,3.0861573513315688,8.714866,9.202533,8.045665,0.002339509,0.0022783352,0.0019417639
3344381567567275392,93.0915100210619,13.636593708489904,0.29034174697865844,0.025602615,0.32034174697865847,3.5632219487315777,12.885599,14.106529,11.78733,0.009478932,0.0206629,0.0069086775
5544213926244557184,120.20159485573139,-37.82794381721476,0.3274460779018481,0.010809145,0.3574460779018481,5.884906729518966,10.635101,11.517886,9.698505,0.0019136845,9.773545E-4,5.9995416E-4
5253795384552296448,158.01836868113614,-61.782616102806756,0.4415188061328064,0.013483183,0.4715188061328064,5.543921254935856,8.709635,9.160929,8.084203,0.0021990205,0.003601105,0.001534971
5862529345743227776,198.5006296438438,-62.49845370747415,0.22326128964483102,0.017321672,0.253261289644831,6.379236974370734,11.807834,13.102434,10.686171,7.6507055E-4,5.348702E-4,0.011653495
2013029941628292352,359.3956496583565,62.718240657236684,0.3221246398226651,0.013070237,0.35212463982266506,9.810775680059352,9.44225,10.136853,8.630114,0.002246338,0.003625331,0.0022586626
5877120341746137216,229.63532083644213,-58.02463444646278,0.35289014386268763,0.028420018,0.3828901438626876,9.149760643981443,11.686576,13.316244,10.463503,0.0037490064,0.004212416,0.005346614
2068663855595724672,304.0528174619979,42.108691623281516,0.4390924953059856,0.021880344,0.4690924953059856,33.223835167620685,9.883131,11.664055,8.640673,0.0048967195,0.011997045,0.0095840255
4104857784196182400,277.8322831770774,-13.108184937969465,0.5960083340408681,0.019188927,0.6260083340408681,4.198361997444163,9.479021,10.211893,8.65093,0.015300739,0.021937102,0.044561535
459263743483634304,36.807364322658,59.460601064951476,0.3734720711274525,0.017359182,0.40347207112745254,13.63819875506045,9.141022,10.089019,8.1731415,0.0011301684,0.0010534122,3.3911603E-4
4063826557167149440,268.57334403093074,-26.758213888055938,0.603805143891647,0.02484319,0.633805143891647,5.7482634806430095,10.908564,12.569352,9.681924,0.0011716739,0.0025752007,0.0026283676
201509768065410944,78.1634523744642,42.831780076645465,0.42681548207344705,0.019981427,0.456815482073447,10.146213057061988,8.689358,9.292438,7.93374,0.0030532333,0.0043888255,0.0028965524
5855468247702904704,190.52088709397324,-69.40756401684872,1.0656070174790695,0.01752815,1.0956070174790695,7.509878077876793,6.1125574,6.5040183,5.5546327,0.0027454775,0.0073135076,0.008579118
4069645924308096512,271.20327515337704,-22.73241493342173,0.35237159408449403,0.025224898,0.38237159408449406,15.402426970999748,10.102503,11.339131,8.936981,0.016765457,0.1390659,0.010413626
2054832033681200384,302.80705729553387,32.26819208267686,0.23933059768971668,0.020185204,0.2693305976897167,7.297551216713041,13.524287,15.591677,12.189878,0.0023591737,0.009050354,0.0028358733
458239995077788544,38.63041573864392,58.831617594760424,0.3787264569172398,0.014992235,0.40872645691723974,5.365068693146465,10.555656,11.5628805,9.569315,0.0031120442,0.0028830904,0.0046326756
5309114391501007744,143.84201545309483,-53.742651511936266,0.21934456251873277,0.013148269,0.24934456251873277,6.003523421622634,13.177951,14.87736,11.941126,0.0014560279,0.0037371852,0.002561289
4256744187345732224,280.53296920016754,-4.293492802879082,0.3279378863733871,0.016235646,0.3579378863733871,11.05483132703628,9.944167,11.083496,8.897671,0.014785199,0.019865744,0.008931848
2209335510692749056,351.39493458099696,64.7904128391609,0.2473479498540573,0.019488564,0.2773479498540573,9.5036575643908,11.317572,12.55985,10.198641,0.00229006,0.042911217,0.008010477
2016028168089215488,356.26092530739623,63.00384591915706,0.381051765685101,0.01350726,0.41105176568510104,7.802199105063333,10.079627,11.026011,9.120254,0.0032806173,0.0062025,0.0038068958
4153413252782596864,277.06045329574164,-11.252441831367323,0.3619243025695911,0.028397476,0.3919243025695911,24.338129148923628,10.718687,12.528395,9.463656,0.012207821,0.014221288,0.008138697
261548119462093568,77.66762373902333,49.68760306511437,0.3927382134717123,0.014950996,0.42273821347171225,8.002298752607455,9.071054,9.67781,8.314074,0.0020939384,0.0022348012,0.0012787024
2172686554763264768,323.5144662211651,53.310081125641716,0.2225404654266131,0.01209536,0.2525404654266131,4.5621010930762855,11.964352,13.002195,10.951507,7.8079E-4,7.9913455E-4,0.005583814
2010134274671099264,345.33800577936574,57.86701629686323,0.2684502696695644,0.013300637,0.29845026966956445,3.9194180377877057,11.484051,12.278551,10.600592,0.0018044593,0.0014688935,0.003672417
486834100624652800,54.08394708695425,62.287226823682396,0.23098841281694873,0.012384526,0.26098841281694873,3.9972016586298063,12.722124,13.771777,11.704172,8.683908E-4,0.0021150287,0.0013096646
445121820622854656,53.5926886793078,54.60724122848044,0.371061904801306,0.017976683,0.401061904801306,3.569404825261708,12.704412,14.059999,11.568512,0.0030875262,0.0053516314,0.006283292
508915489570374272,24.308407204868175,57.75921601260633,0.30468913992175034,0.018854063,0.3346891399217503,14.788901159045958,8.795929,9.493339,7.9733405,0.004487657,0.012577445,0.010971192
5332375453374624640,178.0737807060855,-65.40418201580248,0.291540355982154,0.012110106,0.321540355982154,11.638899480340397,9.366626,10.039716,8.563278,0.0063997605,0.004728665,0.005865448
5942521668514052608,250.33349872580848,-47.660817124599745,0.2657083668570672,0.024859367,0.29570836685706725,13.004905035821153,11.664414,13.221163,10.429694,0.006203137,0.008779266,0.040261604
1994462866719961216,354.4081020869204,54.84718323302718,0.46901319542194037,0.013349052,0.49901319542194034,6.3369137417919585,9.042899,9.69958,8.255562,6.78925E-4,7.680055E-4,8.966956E-4
5614191175568405376,115.20408047213886,-25.457708059713582,0.24075246202748402,0.013344898,0.27075246202748404,4.170891182751824,12.391736,13.330094,11.43372,7.1757013E-4,0.0013839399,9.1413176E-4
5333376489975555584,175.33100035881355,-62.26475713680974,0.3366447508967179,0.01730519,0.3666447508967179,5.892199725387542,11.849924,13.105074,10.740857,0.0012476844,0.002218919,0.0014853093
251864136443731584,59.9090192736971,52.79069336540377,0.2561744383248276,0.016814996,0.2861744383248276,3.705903689688306,13.233142,14.824559,12.023676,0.0038117613,0.0061186617,0.0041014836
473293889810320128,57.10697680743192,59.442268382539986,0.606205056618136,0.01770379,0.636205056618136,5.065604903684328,9.998524,11.134045,8.944601,0.001710352,0.0055779954,0.0020885833
5871922507947292032,205.07765290606085,-57.613183920666884,0.5516408883784639,0.026197053,0.581640888378464,10.952890439520342,7.50945,8.042657,6.806796,0.0017626714,0.0019149664,0.0030985926
2027951173435143680,297.8787641285739,27.46020619100544,0.37293243943358745,0.021149056,0.4029324394335875,44.913759014177224,6.664702,7.4765863,5.773464,0.0052802805,0.004222369,0.0055306577
5824464493705913472,229.9404108121685,-66.4960763368322,1.5431832870229811,0.016094733,1.5731832870229812,3.3892682782242503,6.457799,6.8367395,5.8891273,0.0012489215,0.0017653788,0.0035222005
2065869957888142720,312.6896268455626,42.17016273408198,0.4967802871689176,0.023328453,0.5267802871689176,5.68437306697526,11.337327,13.175289,10.06059,0.001594079,0.0016894068,0.0018155283
511362109099936384,27.73892936675563,62.01934924141351,0.20473779541790724,0.013338828,0.23473779541790724,4.68777869386145,12.544975,13.699581,11.479873,8.0688414E-4,8.0615113E-4,0.0014109443
5522534374444924672,130.69277945085406,-43.56418122976309,0.2590236460292978,0.01781578,0.28902364602929775,6.350501895363444,13.506568,15.554391,12.174801,0.0049689636,0.005351673,0.0029902158
2011488250218029184,357.48341806122255,59.94069678815946,0.20486816642424194,0.016485386,0.23486816642424194,8.191775709857533,11.132749,12.171594,10.125642,0.0012753312,0.001679871,0.0015882318
1870258975238302208,310.85076233271076,35.58777650648951,0.8842386287181716,0.01992764,0.9142386287181716,16.376554034515223,6.0861883,6.636108,5.3241777,0.029996369,0.0067022634,0.008556683
1999252442448732288,358.02927448681936,58.74171978276972,0.3297081564266386,0.01492538,0.35970815642663856,12.13703117445177,9.339452,10.176321,8.438381,0.009223797,0.013061906,0.0069754636
5329838158460391296,131.22275782118206,-46.342960465465616,0.49018001723790955,0.018705394,0.5201800172379095,9.550744745520666,7.9954643,8.501973,7.331166,0.0048771743,0.0086478265,0.004684388
4095782655730995968,272.4445412563659,-18.377297014643965,0.46461270697404267,0.01891779,0.4946127069740427,7.288755420757196,10.384068,11.65055,9.280782,0.009422491,0.008700622,0.008903792
447987564541431168,48.77428839224993,56.212550045536176,0.31752914160698775,0.022179097,0.3475291416069878,4.252671327661486,12.804575,14.442844,11.589214,0.0054892995,0.005599403,0.0039568306
4094784475310672128,274.24882157138273,-19.07583147548117,0.5742031493221923,0.027733965,0.6042031493221923,21.847478201912878,7.533782,8.39845,6.6521745,0.009971483,0.062633544,0.028213989
3133819112256378368,100.0232567252705,7.6058351456206,0.46999587494482525,0.017421203,0.4999958749448252,2.705480098251865,10.144749,10.8202505,9.332462,0.013648142,0.00609193,0.009335816
3128293447849074048,104.21285438225806,4.516185734255973,0.3475649220214652,0.01670578,0.3775649220214652,3.013960307541533,10.93463,11.612212,10.124515,0.008256351,0.015054324,0.008195145
2165771172070496512,317.72653587334,49.14204142754623,0.3550861336436594,0.0135481525,0.3850861336436594,7.2513201210244524,9.93909,10.85098,8.992775,0.001897049,0.002404706,0.0025524865
5616601820448126336,111.52996044479637,-25.257297442256217,0.2864998146972418,0.012744514,0.31649981469724175,12.352288943324067,9.431934,10.185409,8.574963,0.0060130144,0.00631376,0.0049448814
5313887130948758016,142.92069032895037,-49.65498878584853,0.5047402390883815,0.013407684,0.5347402390883815,11.198462339690789,8.875603,9.796915,7.9274197,0.0032131872,0.003341519,0.0017553156
2066900067144378752,311.5581024843544,43.21286155699536,0.4127340452547379,0.019393269,0.4427340452547379,5.968627554958948,11.87938,13.538657,10.638918,0.0015575902,0.003938052,0.010023303
1825559704420479360,294.1271137441332,20.041386712136763,0.22160650667414977,0.019780826,0.25160650667414974,6.34262870194585,12.05021,13.351421,10.936799,8.688996E-4,0.0014901351,0.0012183767
5258904608895410688,152.30668209632992,-57.242588847803916,0.40852870395008817,0.017520247,0.43852870395008814,4.091211534784611,10.517075,11.351028,9.620155,0.016653765,0.012405854,0.0072882976
5337191279937200256,168.04212311082057,-61.75486712042563,0.6884094888834371,0.020292029,0.7184094888834371,7.53341426442429,7.8114614,8.3266945,7.1340804,6.42156E-4,7.1709603E-4,0.0011640621
5877723874912947072,219.96543850642144,-60.88980321044479,0.2467679744690146,0.024199776,0.2767679744690146,4.884174614976581,13.939455,16.136627,12.578292,0.004142055,0.014576914,0.0071655107
4093976334264606976,273.85943862951035,-20.629552967069323,0.41961369288092004,0.019104188,0.44961369288092,6.179074633240001,10.179061,11.067321,9.258567,0.011513766,0.013363143,0.023078954
512524361613040640,23.180098556266138,63.5938046047051,1.3449081902378146,0.017760761,1.3749081902378146,8.376141031017218,6.647508,7.4443483,5.7576885,4.2517472E-4,8.6654106E-4,0.0043906
1980786488264944256,327.0277499249583,51.25842583192134,0.22583673274537375,0.018215815,0.2558367327453738,11.917850471127375,11.624246,13.106451,10.466078,0.012246242,0.01811486,0.011180442
5521459979795304320,129.42006775171353,-47.361948684366475,0.9309187277868931,0.01592531,0.9609187277868931,4.639972345209943,7.7230787,8.240171,7.0321198,0.0017402624,0.0022336182,9.915184E-4
5334506135119058304,171.27391888580152,-60.73461169166571,0.5609558933481774,0.014276453,0.5909558933481774,5.310205208677666,8.49598,9.053618,7.786929,0.0015055556,0.0028289622,0.006875722
461710844045583744,48.518269727430535,58.19515671956873,0.3911069658844115,0.026354356,0.42110696588441154,2.940071749903214,14.239663,16.18501,12.928321,0.0041695507,0.0057479,0.0048742136
4041690364529590144,267.7181112584579,-33.705676248707995,0.72793709911494,0.032087274,0.75793709911494,20.329497690713033,7.308263,8.275803,6.358209,0.032096446,0.031763185,0.0143193165
510907323601978752,20.426519963658613,61.76872542266497,0.29521500444675536,0.012994518,0.32521500444675533,3.7555122211417507,12.58656,13.802932,11.497419,7.077563E-4,0.0018918896,0.0012569136
4313179507891570304,287.5017243851787,12.536535587687256,0.2987403877178257,0.017270518,0.32874038771782566,13.441567384916487,10.072142,11.167308,9.074462,0.015612666,0.012637719,0.016010068
3105860283909081728,103.0507050071039,-2.8069596245041555,0.2206189026288878,0.013002387,0.2506189026288878,5.456384166052751,11.424509,12.136313,10.581708,0.0036881834,0.006811456,0.0030944266
4145697876614018048,272.87749184304135,-15.925976614019543,0.31175729455850604,0.021004453,0.341757294558506,9.010219392781151,10.667292,12.017928,9.567948,0.0024421741,0.002573177,0.023939729
2016581673416790656,350.6184631891322,62.75714262023794,0.3035762285607484,0.01461253,0.3335762285607484,15.087595063310054,10.137236,11.276016,9.088169,0.009559351,0.047425665,0.0058459905
2016648022068515840,353.16241135013735,63.06920911365897,0.3325027299249212,0.01611769,0.36250272992492116,4.742884843523951,12.236647,13.482338,11.1349125,0.0016346854,0.0015594449,0.0011313959
2055809495218465152,303.9930131637633,35.01469729735733,0.40068107695670807,0.017682247,0.4306810769567081,6.7173915197932965,9.791814,10.860421,8.76298,0.0016204527,0.0023984879,0.00142027
2030063919381336832,299.7949761560388,29.450723167184098,0.38907605681710933,0.014379238,0.41907605681710935,7.818315864271902,9.37511,10.147086,8.501809,0.0014392849,0.0017961374,0.0016261833
3425576270732293632,93.9995282424924,23.74748704466431,0.28421910107169657,0.019894376,0.3142191010716966,2.6347163155921187,11.561804,12.216192,10.794697,0.025003472,0.019562531,0.027172051
5350688609777998720,159.06148588778493,-58.42102379840728,0.37492594430210197,0.017683389,0.40492594430210194,5.517288355424114,12.342813,14.025019,11.107231,0.0051688757,0.005493136,0.0027520682
5864135319959353600,204.15365781402897,-64.55831585329346,0.22722925593826832,0.018277874,0.2572292559382683,34.02846822286729,9.060322,10.090166,8.058197,0.0022691865,0.007316709,0.0036110417
5311989580046078208,138.58385692728092,-51.49157431279271,0.2063274469773953,0.019191498,0.2363274469773953,6.324559337501767,13.942521,16.046179,12.607446,9.978284E-4,0.0036897175,8.2411186E-4
2069606682514776832,310.24203315431157,43.46239359006487,0.3395777802574939,0.026775511,0.3695777802574939,10.909176577638352,12.673548,14.874301,11.3172245,8.709615E-4,0.0047329236,0.0016989649
2166303099490547072,311.5522959335575,45.47860587560114,0.4980269677124607,0.013000897,0.5280269677124607,5.098941823337803,10.520723,11.694714,9.453879,0.003333331,0.007363212,0.005118725
2175555936502486912,318.17439919178906,52.50198044341886,0.33510384017524514,0.024081407,0.3651038401752451,4.618287175953784,13.608521,15.960205,12.181327,0.0021928914,0.0046125855,0.055775236
2066760837184240896,312.75343134545085,43.13987647669431,0.34345966441275855,0.017043583,0.3734596644127586,8.721344117199083,11.779903,13.379093,10.551743,9.932338E-4,0.0018957142,0.012094012
5354898841641168768,154.967074440302,-56.30977629703729,0.22946410729825678,0.012156616,0.25946410729825675,6.245413279342242,12.351267,13.5396595,11.271133,0.0025583506,0.0029045336,0.0027718565
5871738271033526016,207.6844877152894,-57.58050979631668,0.7995824990961825,0.019833265,0.8295824990961825,5.078705641797761,7.4469314,7.8659506,6.8494844,0.001993156,0.00251565,0.0013571192
5540796987700558464,122.60325138558156,-38.47372729890452,0.35469110196446413,0.011432666,0.3846911019644641,3.579003547315581,12.09129,13.185577,11.060301,0.0031025312,0.012094458,0.002808761
459035766618689280,36.89776104185009,58.91715104776827,0.4456421682209358,0.017368011,0.47564216822093575,5.532769306333524,10.38808,11.4630165,9.363681,0.0052612545,0.0066806343,0.0041373973
3455325108309625088,88.24494111870112,36.393656680218115,0.23409060374018958,0.017005548,0.26409060374018956,7.847418664874467,10.195979,10.785348,9.456353,0.0026229336,0.0022169515,0.0028327138
466232585618161664,44.8353743284523,61.30030900441248,0.21937309543623504,0.016953424,0.24937309543623504,4.414908146308054,13.672578,15.108635,12.50003,0.0021496508,0.0030450232,0.0024224387
2058374144759464064,301.11066128539693,34.11224946615463,0.36652193625978186,0.016361248,0.3965219362597818,17.068686105571178,8.456113,9.214085,7.5897684,0.010139687,0.017895266,0.008891726
2200136721542850816,335.8642358433509,58.5333602847107,0.26267184599814714,0.012896423,0.2926718459981471,3.799281704064151,12.578523,13.754857,11.498658,0.0023530785,0.0031425827,0.0052052615
5524866266801248768,130.29051333857936,-42.822249935177496,0.25545866204795414,0.016075209,0.2854586620479541,4.163301149249253,13.868754,15.602625,12.610874,0.0013131456,0.0040293094,0.0011202357
522609765154882688,18.581384202031547,62.044032073832284,0.551143369584238,0.023986291,0.5811433695842381,5.079165715275537,11.8563175,13.573115,10.606839,0.0020486573,0.0020817432,0.001802221
4269036830424588800,288.197137804185,3.557397813450924,0.7018469278191506,0.024509827,0.7318469278191506,9.480639154572176,7.9103303,8.627421,7.076828,0.007715054,0.007473502,0.005321453
4307944836090489600,290.2597830691523,8.516327507681982,0.48714088896961594,0.018925868,0.517140888969616,7.239183949361565,9.335988,10.281387,8.363154,0.008573931,0.0053336974,0.0016563039
3378049163365268608,100.78129641784926,20.939105955322916,0.3356003941102264,0.01974208,0.3656003941102264,3.7880202007629356,9.647913,10.020507,9.108025,0.008716375,0.01802121,0.009572579
2034155854985643520,299.7875713694942,32.69541555283156,0.2030118512674883,0.016734734,0.2330118512674883,4.920117994614418,12.648865,14.032964,11.500795,0.0019034648,0.006721797,0.001969615
5337764640889249536,168.5883586370281,-60.05291804008801,0.3226731987359124,0.0141446395,0.3526731987359124,10.71525547633743,9.274263,9.913149,8.5114765,0.0053298525,0.0057451213,0.0086063
2172000322072006400,320.2250223767031,51.165188571588395,0.3821868898204915,0.012105322,0.41218688982049145,7.125478112664124,10.74311,11.906089,9.68257,7.271137E-4,8.750951E-4,3.0962E-4
5255066591776722432,155.0848300108396,-59.37660856364207,0.4209402148852247,0.009777804,0.45094021488522473,4.160057287307702,9.862014,10.48157,9.133005,2.9083365E-4,8.911205E-5,7.4511016E-5
426881614218441600,12.47192037703132,60.12737898732255,0.40694003121235767,0.014656456,0.4369400312123577,4.5016879425540335,9.556571,10.194461,8.778892,4.909856E-4,0.0010795827,8.309994E-4
3441145084801214464,83.6527268422001,26.202401761741935,0.27410293037843575,0.019516967,0.3041029303784357,3.896567415028409,11.251262,11.93523,10.442909,0.003628079,0.005130834,0.0032407367
2168490814081092608,315.06583373821536,48.44936661894388,0.3599403346418018,0.012650841,0.3899403346418018,2.030532013005842,12.072156,13.154177,11.038591,7.618427E-5,1.7202321E-4,8.892603E-5
5528389583094696192,129.86192169931016,-40.35275487985691,0.41746598639922283,0.029013757,0.44746598639922286,8.751653496189407,13.028783,15.528329,11.618609,0.00199711,0.0046758843,0.0022454872
5259873381716781952,151.06854855344082,-55.84199341573211,0.2018672708404622,0.014325567,0.2318672708404622,4.052147441455868,13.752247,15.5837145,12.481412,0.0011625896,0.0022192367,0.0010342076
5597352047599988352,119.45785618799268,-29.38404602466781,0.2504377878263138,0.0139027275,0.2804377878263138,2.586120090111435,11.585027,12.188488,10.831891,0.0018882826,0.0020224368,0.001121474
2168974530478099328,315.4533745402443,50.78601331034007,0.44189399200745777,0.018043097,0.47189399200745774,9.722917818220145,10.041372,11.43382,8.905725,0.0022245364,0.0023225062,0.0035176636
525136962570940160,18.754555516612967,65.5994047035559,0.4101483932972598,0.012648846,0.44014839329725974,6.271866182083773,10.233519,11.207134,9.259131,0.0031130156,0.0027359952,0.0023551313
2166861170366710272,313.73969865250916,47.53378952313481,0.40998877359780656,0.0116982,0.4399887735978065,4.049253856355006,10.28948,11.1020975,9.400574,0.0027591952,0.0026587264,0.0015124521
455914562346088704,35.965586854473585,55.36485100844179,0.931817672632079,0.02474584,0.9618176726320791,7.572579841010747,6.0098963,6.4738655,5.364858,0.0013560016,0.0016518502,0.0013773222
228741784865956224,64.27527958040707,41.73183208663051,0.27769326679608086,0.019291732,0.3076932667960809,4.290086992791353,10.696778,11.381996,9.88616,0.01021203,0.009418842,0.0057902485
251325959859513856,58.19375780642378,51.480984957718036,0.6372459848176896,0.016746452,0.6672459848176896,5.628988161243501,8.661399,9.563402,7.713563,8.222277E-4,0.0010022395,9.512835E-4
522737141009400192,16.45092511629332,61.754933426706856,0.26452554218689067,0.014745884,0.29452554218689064,5.993911619174352,10.285335,11.005395,9.446604,0.0018694263,0.0025218364,0.0013576167
6060173364074372352,193.59157470682527,-58.43063287085863,1.3245186501149808,0.023646228,1.3545186501149808,4.689797153353072,6.3741703,6.776132,5.7797165,0.002743519,0.009220267,0.0062017315
5240441472232302848,165.56688072031935,-64.26289283299536,0.3778753552570313,0.013624672,0.40787535525703134,12.437002735527205,8.875042,9.578502,8.049488,0.0066553806,0.005156053,0.0023212642
3127142323596470144,99.27018871085222,3.06396219476623,0.567490686315382,0.0148260975,0.597490686315382,5.378766050182399,9.659158,10.536442,8.734935,0.0028003016,0.002411414,0.001076403
527027607176531712,8.887287158751574,64.28733925085244,0.22607954460045337,0.015032434,0.25607954460045335,3.914025978353843,13.055002,14.42904,11.915475,0.0069284574,0.0059056175,0.0034502556
2027263738133623168,299.3691828572848,26.556449163396447,0.8362097868454417,0.021521466,0.8662097868454417,6.31970318636207,8.237906,9.124483,7.2970295,0.0022316226,0.0027631195,0.0020464067
5333340824575196800,175.24384278025428,-62.692474345078686,0.6387556309165746,0.015329676,0.6687556309165746,3.335355125629411,8.540057,8.97269,7.935587,0.013333838,0.016627133,0.00960976
2003938801532007808,342.1582886448471,56.32153324908271,0.472487408483608,0.016014785,0.502487408483608,4.983511336273528,8.613688,9.135535,7.933415,0.0056418437,0.0044029313,0.004009122
4308963877171060480,289.04239288640514,9.180657400668261,0.28446146777748677,0.027055655,0.31446146777748674,5.251749232426127,13.45614,15.703666,12.096338,0.0031143173,0.0053629056,0.0028384451
1825428480248517376,293.5656233579808,19.57066027968068,0.21355122117369232,0.018342063,0.24355122117369232,5.938700060145748,12.24886,13.485999,11.139587,0.0011656199,0.0013929614,0.001402819
3441484760885586176,86.43715022431397,27.067899256615245,0.3191325238572771,0.021217246,0.3491325238572771,3.6161447382884986,11.701864,12.581684,10.713102,0.0036861876,0.005770786,0.0020554624
5981406000300438016,241.23009532876074,-51.953527284315,0.31752188454336144,0.020346707,0.3475218845433614,10.787024878598144,10.525985,11.914264,9.377792,0.006516722,0.008332229,0.006770873
5522997921672799616,127.87589630840309,-44.48824357893052,0.22962653506580027,0.0114986515,0.25962653506580025,4.218060511080198,12.42411,13.446869,11.425735,6.671025E-4,8.710148E-4,8.563715E-4
3445039825569144192,86.71172981702153,31.597911738286438,0.22062075377710366,0.019978814,0.2506207537771037,3.046763951600471,11.949808,12.595551,11.113635,0.0028294874,0.04407801,0.017704109
5600628115523816320,117.51301067814768,-28.25514040613247,0.27936707998781884,0.013192753,0.30936707998781887,7.1975836844860694,10.328351,11.064392,9.480916,0.0025889568,0.0065635806,0.004242318
1981367545804985088,329.0568481806458,52.98601253649166,0.22833492720271348,0.010372208,0.25833492720271345,4.236821954219779,11.942951,12.822751,11.012248,4.3265137E-4,0.0010618974,6.509658E-4
5334563996911649408,179.47384155366976,-62.64612537216343,0.22881154205958482,0.013809124,0.2588115420595848,7.003929754605526,11.430606,12.352883,10.478862,0.0023285635,0.0015776801,0.0010998393
462252662762965120,50.94951226208825,59.355668948794595,0.32058467644282596,0.017817846,0.350584676442826,4.156638965682085,11.829709,12.805037,10.821895,0.0025267017,0.04949329,0.008603758
2168683473441151872,316.070112137652,49.74440189881595,0.48008858898503914,0.013841362,0.5100885889850392,2.4183064049149037,11.36463,12.378411,10.3659525,0.0012844619,0.0016666708,0.0017813415
2170785842762144512,322.18717972639575,48.978210888000866,0.27338571496794034,0.013269235,0.3033857149679403,7.966407011422898,10.097115,10.879492,9.236493,0.0019837825,9.494403E-4,6.7114935E-4
2007997408188526336,337.208672981755,58.210932507508396,0.23138349212963863,0.016341323,0.26138349212963863,7.232410037318362,10.619616,11.434533,9.729338,0.0018775027,0.0030193892,0.0014919091
3330259852538068608,91.85610843665398,11.151976446175057,0.23049738150882548,0.021816548,0.2604973815088255,3.8886843059291736,11.077862,11.633662,10.354508,0.0153068025,0.017332103,0.011786066
206211859601169792,74.06343859903626,44.781850488176765,0.22464995335489632,0.0151857445,0.2546499533548963,3.407057263406832,12.52426,13.393078,11.596052,0.0053046728,0.003144657,0.0026410755
3368698813404804352,95.55497028344176,14.678126645312211,0.5552313580942635,0.029919663,0.5852313580942635,7.56694930079696,8.093105,8.649812,7.3367243,0.01163465,0.016328542,0.006289745
2060021625508894592,302.2823184152868,37.15195204657491,0.3859032898628231,0.011156749,0.4159032898628231,4.364672314522367,9.497787,10.08955,8.75984,0.0028510645,0.0024006192,0.0018185483
6053622679932061056,188.3277467960714,-63.5063698067674,0.7198831466148092,0.015899653,0.7498831466148093,5.265127051897623,9.027572,9.888541,8.10466,0.0016397366,0.0010020478,6.1958417E-4
511706805997227648,25.252069822564096,63.05552687630511,0.23024863056567488,0.013806759,0.2602486305656749,4.133137279961631,12.643718,13.591938,11.678987,0.002617203,0.0020827164,0.0010272511
5547742052903182080,122.60782238953178,-32.52136133420829,0.23207675450021165,0.01284877,0.2620767545002116,5.465103967358141,10.997346,11.643504,10.166649,0.0024390891,0.03779375,0.0130650075
5626365410677889792,131.0506073793821,-35.47370807159801,0.23675088356835725,0.011874019,0.26675088356835724,7.2154135032109705,9.938961,10.581582,9.155456,8.0278504E-4,0.0011841931,7.314457E-4
5351721738384434048,157.2967865587877,-57.61339131549393,0.6417385245549863,0.019067418,0.6717385245549863,3.682344081011234,8.104442,8.4390745,7.5864797,0.011885131,0.0073929336,0.007587206
4153177128348076032,276.46232459980877,-12.332861217230953,0.3398057375039746,0.025657548,0.3698057375039746,5.763083125480518,11.398285,12.799658,10.222137,0.005373855,0.006959026,0.0034709754
5323839566610513792,136.65872115842834,-52.35745693699326,0.32761617169001833,0.020991083,0.35761617169001836,6.255661998356016,10.714229,11.654354,9.746682,0.0040316633,0.0023552834,0.0011705824
2006989121667184384,340.3604951280684,56.43277230583142,0.40119933294348353,0.015378677,0.43119933294348356,6.416020246553356,8.548795,9.058532,7.86578,0.0031386982,0.0037859364,0.0012516403
2011303326105008768,353.7483913419064,59.35815200433112,0.24258622920368356,0.013161465,0.2725862292036836,4.789731655832402,12.128398,13.098177,11.029794,0.0035251752,0.1152057,0.031698644
2011892703004353792,359.5748703666508,61.22105373310318,0.28895816563447807,0.012443939,0.3189581656344781,4.874964759607406,10.658346,11.386883,9.816925,0.0010481697,8.805776E-4,0.004928525
5863389404349089792,197.76854681801305,-61.62705264149672,0.4802275951354016,0.020440346,0.5102275951354016,3.7186695388981774,11.0590315,12.285841,9.968681,0.0020914392,0.0017547946,0.0011167481
4312800966604310912,288.57502168992784,11.291660662416788,0.29050388291851376,0.025078632,0.3205038829185137,6.273238144504717,12.190838,14.007544,10.932851,0.001824493,0.0016923634,0.001118455
5594091823824942464,119.66611070071492,-33.504045593770506,0.24159363342328755,0.012945946,0.2715936334232876,4.403072965358121,11.633991,12.417372,10.76367,7.69015E-4,0.0011497241,8.341969E-4
2198162651499971200,329.4695155901456,56.163885590145505,0.25343335861149763,0.020417295,0.28343335861149765,17.867373171255892,9.839292,10.836194,8.857976,0.0034362567,0.002422901,0.0023651267
2198576445824899968,334.90344193376404,57.71209323323782,0.2059504453351063,0.011723203,0.2359504453351063,2.9862034287385226,13.374742,14.622115,12.274336,0.002116675,0.0022543306,0.0022495072
5350409780509559040,160.82900741183795,-59.191554261765866,0.24727656200247292,0.02340321,0.2772765620024729,45.49891812927481,12.184952,14.316479,10.840305,0.0028038814,0.0031317598,0.0021382612
4190143160245024256,298.0874976184079,-11.36692436559727,0.7867760509623498,0.022869555,0.8167760509623498,5.376177765929336,7.5505886,8.015731,6.9135084,8.9133624E-4,0.0018961254,8.59358E-4
3132210870342377344,98.04559743918294,6.653060807000282,0.28977703996082627,0.013967615,0.3197770399608263,6.73176056697519,10.545818,11.249187,9.737522,0.002253051,0.002693967,0.0022769216
5310517162188587008,141.94591969102038,-54.03382533825224,0.3249563631990868,0.016550522,0.35495636319908674,6.705837649849552,12.538442,13.962102,11.374349,0.0010351805,0.0016863347,0.002102492
4319018739208020096,290.02896802377796,12.795265066547689,0.5669276454796975,0.01910485,0.5969276454796976,8.627535694530428,9.360039,10.611868,8.267003,0.0014134302,0.0016366491,0.0028809446
2067251361107786880,306.33530453570216,39.58820184889279,0.5137336952211915,0.037261777,0.5437336952211915,10.289114624025041,13.890797,17.145163,12.367274,0.0035970558,0.014194818,0.0030649279
4069887786823732608,270.92392369849176,-22.182985574584237,0.33931562224738815,0.030685266,0.3693156222473881,42.6863249911497,9.324104,11.047897,8.069233,0.005111624,0.00874356,0.011019825
5597379741549105280,119.59202293226323,-29.130082219324443,0.2750966729085618,0.022583578,0.3050966729085618,30.159592542715753,8.127227,8.973973,7.249926,0.010649109,0.0105794985,0.01020752
5338036117182452096,166.05606746911639,-60.97991402522779,0.46047793078058935,0.017988017,0.4904779307805893,16.646755359995506,8.1478815,8.846655,7.348078,0.0072865156,0.010247032,0.013180812
3327281790934522752,97.72072294206163,9.67309863986356,0.22235690733921723,0.017701285,0.25235690733921723,4.802556811158777,12.284996,13.305217,11.2792015,0.0029015562,0.00407819,0.0029119032
2016626856473497344,352.30314355438344,63.37429538720089,0.22233960992964175,0.016041622,0.2523396099296418,14.379869934897096,10.76917,11.919292,9.702558,0.0030264582,0.0035170158,0.0070473147
5868480143187802240,199.74279463726813,-62.38234538651234,0.5082061952261243,0.01901497,0.5382061952261243,6.4600384856823165,8.093438,8.697574,7.330977,6.5020943E-4,8.502365E-4,5.768951E-4
5823134325151372032,240.29462689966624,-63.77654925354427,1.1014269876428247,0.021513244,1.1314269876428247,6.323304317755489,6.2017965,6.580404,5.6351275,0.0022461165,0.002794876,0.0072229085
2062267687221984128,304.72629821519405,40.064474514864074,0.49292654016719956,0.015814275,0.5229265401671995,11.211205230497473,9.852367,11.180319,8.728235,0.0090247905,0.0087389555,0.0044157645
2015622212085282048,354.86370858131806,62.37213789360974,0.2676936817227096,0.016072452,0.2976936817227096,5.664937736695515,11.077003,11.978327,10.120196,0.005282996,0.01816989,0.0049886336
3351921532976862336,100.15650847813708,11.727478802707141,0.24574124905129985,0.019742453,0.2757412490512998,4.978351712149982,11.756107,12.671303,10.776947,0.0030051891,0.0032206732,0.0364152
256735552768873856,66.40539208274869,45.6203200794097,0.3590577299774452,0.030670226,0.38905772997744514,11.27910761955227,12.440219,13.976186,11.246812,0.007389528,0.0130710425,0.0054020705
2174677564161400064,326.3266924395299,54.496383791569414,0.2351954658886179,0.0121946465,0.26519546588861787,7.23066838297462,11.377488,12.380586,10.3739195,0.004473519,0.001894332,0.009040467
4253435825622331392,280.7386394804979,-5.820912815919463,0.31880471267192256,0.017964354,0.3488047126719226,12.895755260838028,9.083993,9.871148,8.211837,0.010721272,0.020111855,0.0069647585
5523162573544337408,129.25540006750467,-44.114653602903005,0.6519868594191308,0.016741946,0.6819868594191308,20.428878290964814,6.7244577,7.346308,5.932911,0.011752072,0.0205351,0.03020175
201574982848108416,74.92307087456776,40.83602826927197,0.24937964945531482,0.018335082,0.2793796494553148,10.2875587752036,9.949311,10.688998,9.122927,0.018071238,0.018936234,0.010405455
5540422122959807232,125.36086709698667,-38.421699430175785,0.22860574112390333,0.010838871,0.25860574112390333,3.9611182364976707,12.531476,13.510243,11.5514345,0.0010304517,0.0017081142,0.0017835499
1857884212378132096,312.86767706101796,28.25048193690742,1.6884589957523126,0.058201324,1.7184589957523126,4.435740532673853,5.5919194,5.9119387,5.0720844,0.006728237,0.0064742253,0.014040346
428835686898545920,6.325687438780236,60.764776344493164,0.2189351729411052,0.010101856,0.2489351729411052,3.7345603418073656,12.324879,13.184045,11.404173,5.6325964E-5,1.1219042E-4,6.733857E-5
5336957839849307520,170.1629219493669,-61.831197471074475,0.23143103929490075,0.015830303,0.26143103929490075,13.36326174855501,11.832842,13.261908,10.641558,0.0027473255,0.00577332,0.007586795
4157780096333716864,273.5659540130283,-9.339063382234684,0.5507639339978403,0.027200345,0.5807639339978403,5.121725882788782,10.722231,12.162895,9.583039,0.004324928,0.007217783,0.004860195
5254662177677566464,155.34567308596877,-61.07407529178226,0.35046760720030734,0.0155368205,0.38046760720030737,9.768792514939419,8.585666,9.069587,7.936697,0.0018595756,0.0026284037,0.0029022298
5619192029327633664,113.15269930334432,-21.930427617191047,0.656420349465145,0.021574162,0.6864203494651451,3.0121145981256925,8.144814,8.4857435,7.6152067,7.346774E-5,9.072595E-5,6.905855E-5
429562773322439296,3.5134309188768422,60.98626381103792,0.2517722828479552,0.012164793,0.2817722828479552,3.630243477024075,11.896706,12.7104845,10.991975,0.004337125,0.008842643,0.004361018
5519196703818908800,122.70547092228826,-47.69852752693927,0.6799677466559306,0.017354988,0.7099677466559307,3.6727726184612663,8.007352,8.427482,7.4609957,1.0380592E-4,1.5539434E-4,1.2084801E-4
6054935874795049216,185.9069467946036,-61.62912882684149,1.0621961778399347,0.028123148,1.0921961778399347,5.825593453281314,6.549679,6.9613967,5.9507117,0.0015199567,0.001723358,0.007161561
5313185367659966720,140.70749505559468,-51.86073934067666,0.20835102396017305,0.013941397,0.23835102396017305,11.206759803887499,12.317103,13.683607,11.1763315,9.958235E-4,8.4122433E-4,6.048414E-4
2034137060207366272,300.364657717927,32.80330820201654,0.20554228205216513,0.013897223,0.23554228205216513,3.8458689188833586,13.219895,14.562072,12.049098,0.005067257,0.00697939,0.017227978
3127739019113627392,101.0666533785955,4.498393793252245,0.22011944956122653,0.019260073,0.25011944956122656,2.4837873839840623,13.374689,14.352061,12.390787,0.0143692475,0.036583137,0.0175337
5541507237862358912,123.09332136278506,-36.94374167099046,0.591012665507528,0.01586018,0.621012665507528,6.665596885768075,7.7451415,8.177803,7.1306443,0.0043249847,0.0065130685,0.008499575
270272675510149504,64.94524474253019,48.953261028306585,0.6124936414955571,0.01607653,0.6424936414955571,4.972601407693328,9.125812,9.960983,8.219952,9.5459796E-4,0.0011355344,7.8873645E-4
2166389269407411200,312.8661419930929,46.30351368772525,0.2160453764922437,0.010822734,0.2460453764922437,3.160858750924553,12.289916,13.230605,11.335071,7.03136E-5,2.1909269E-4,1.2337076E-4
2171569966347494400,324.3671802387597,51.76247225823111,0.3693521318249753,0.017357217,0.3993521318249753,6.118697188746692,9.923534,10.704788,9.058273,0.00218881,0.0011002397,0.006241445
5333640230992516480,173.32409713902163,-63.24239956269939,0.26952294060055393,0.012776588,0.29952294060055396,4.974475189659312,11.769249,12.780095,10.767236,0.0013432503,0.001167112,6.7248364E-4
5312863897941667456,142.52115508111274,-51.62362438408751,0.2988771841704554,0.013165852,0.3288771841704554,3.368015247804562,12.638168,13.789972,11.574581,0.0020253067,0.0017982828,0.0023572976
2174068847034667264,327.93493866274207,55.13625304034225,0.3793584580949074,0.013959199,0.40935845809490745,5.7973699952028,10.706091,11.784291,9.685225,6.226964E-4,9.841365E-4,0.002357268
5877884919005345024,222.36916264488443,-60.91099456524581,0.278213120360597,0.022188528,0.308213120360597,8.036446375536958,11.76751,13.21298,10.602347,0.0017984168,0.0020179083,0.0030634976
470386952863752576,61.53736292358342,58.80874501241941,0.21654484288968429,0.017456664,0.24654484288968428,12.647196058643889,10.262258,11.139264,9.342635,0.0048600426,0.0044367015,0.0024012618
5337257834740652160,167.5535734066273,-60.84746534158335,0.20189126233953086,0.017083177,0.23189126233953086,10.276747121444354,11.094836,12.102645,10.081996,0.009327741,0.011266494,0.006008906
422923956470923008,3.790868718384413,58.4242804619301,0.40176354297438843,0.01255844,0.43176354297438846,4.071220492545756,9.544006,10.113079,8.816823,0.00216947,0.0014189873,0.00287082
5241780677399802624,165.3778306016249,-62.29078788531895,0.24765235666429544,0.012238898,0.27765235666429544,10.353459696710463,10.307316,11.055246,9.454715,0.004891676,0.0069523826,0.0032063809
510584788742165760,19.005017952892707,61.62070521919969,0.38939905603328456,0.019132819,0.41939905603328453,4.27823892803581,11.343254,12.292044,10.331553,0.004421789,0.015084234,0.0069792597
3106015688704277504,103.19237374138906,-2.4582314799671936,0.34453952524743897,0.021226445,0.37453952524743894,3.958368711999831,10.53978,11.2981615,9.692729,0.009965094,0.010196789,0.0029280402
5878085442395985408,222.16298431686985,-60.51068351727709,0.4212865857854328,0.03594645,0.4512865857854328,21.230908064851743,11.473347,13.60523,10.134091,0.0067810826,0.014597203,0.0031122968
5878388529664102016,218.7993470752886,-60.99798343039337,0.3034551098490283,0.018212605,0.33345510984902826,17.091114529861613,9.718673,10.802491,8.716158,0.019789554,0.14271775,0.011452074
4154536747505387648,275.61278411365106,-10.124771754681191,0.5329079532666418,0.015006547,0.5629079532666418,3.3849211496661953,9.323249,10.10282,8.470598,0.010982941,0.013745474,0.008263202
4265899816338237696,285.33220795088977,0.14700310623949664,0.47237848716567227,0.01907913,0.5023784871656722,7.3040521132206155,9.294702,10.0974865,8.415374,0.010608313,0.018111695,0.005613257
506923449381427968,32.69321472315888,59.253693641086265,0.20258807295053538,0.016612157,0.23258807295053538,4.00731508595093,12.204979,13.020897,11.314669,0.0021385895,0.0027327917,0.0012717309
2200018111723748224,335.9109180902315,57.68078278454342,0.257494339542913,0.013429185,0.28749433954291304,3.767833151156657,11.626263,12.487923,10.698397,0.0018220815,0.00557339,0.003385105
5964193485048327808,252.91060533044657,-45.42670590080732,0.43153311494252344,0.021069447,0.46153311494252347,28.696567942641384,8.853463,10.078311,7.760619,0.004715749,0.015873479,0.006967886
2172625119548821760,323.3006402969472,52.88366381076703,0.31804106991522213,0.012873465,0.3480410699152221,5.3925101791548515,11.946698,13.266431,10.8261385,5.5159046E-4,9.4514474E-4,4.7211768E-4
3339415417140734208,81.54016043423161,11.85366283977325,0.2572458706375235,0.019374706,0.2872458706375235,4.231978388684421,10.57699,11.194197,9.811616,7.0760923E-4,0.0033281194,7.167321E-4
522686013718197504,17.045789933684432,62.26991435612884,0.21585882084293953,0.014977405,0.24585882084293953,4.900255513637092,12.5206175,13.634871,11.47392,0.0025274635,0.0036788029,0.0017601455
246611563239644544,59.68305769273116,47.23637679787216,0.28467246871102586,0.015373069,0.31467246871102583,2.9891760055302035,11.687662,12.512184,10.787115,6.8402424E-4,0.0010044804,5.304757E-4
5859119760248045312,198.5069577998563,-64.32487959677097,0.20039415254169585,0.014179866,0.23039415254169585,10.352926263733265,10.8396435,11.793199,9.868127,0.0046179933,0.008376734,0.004604535
6055722403534963840,195.79448734785237,-60.87746857332684,0.5433510855828068,0.013036657,0.5733510855828068,4.424317747965537,9.466307,10.185214,8.633407,0.0013170025,0.0017185266,0.006416981
4505300988492333312,281.4754119252848,12.336096761984946,0.2496051168168015,0.014559891,0.2796051168168015,7.507757284818152,9.7390375,10.32798,9.006804,0.003465382,0.0019301946,0.0032908043
5350281236399037696,161.6864062256544,-60.26827408975606,0.4193323939467949,0.016514676,0.4493323939467949,6.6105027623391885,12.019341,13.475781,10.836827,0.0018439622,0.003932303,0.0022370946
2004036486267748352,342.2632266896362,56.428196636501234,0.49658535395185016,0.017659366,0.5265853539518501,5.4453660157016115,8.098137,8.615305,7.4012666,0.0013219182,0.0016183996,0.0012963202
469680173047881344,60.94355002761158,57.24772719866225,0.24969743844983758,0.015672313,0.2796974384498376,5.124762244320465,11.579717,12.466322,10.645474,0.0038736362,0.014862627,0.0064275763
4253442933709196288,280.25276444138217,-6.097227406716979,0.4498032772180244,0.019704329,0.4798032772180244,7.41685027429959,9.895367,10.8456545,8.928016,0.053264633,0.08468818,0.22896267
5523256203825403392,129.94061197026346,-43.86085351062159,0.5310446036465994,0.012674638,0.5610446036465995,3.1272818504986564,9.657162,10.288282,8.868259,0.01876912,0.021539384,0.010125092
5546476927338700416,123.26754647232933,-34.57851289631536,0.5692976604408282,0.017171014,0.5992976604408282,41.48539046921597,6.472739,7.281536,5.5723205,0.006413799,0.0068015396,0.0064828447
5613165915335320192,111.16912564996413,-26.18849024639971,0.2745445912766326,0.01533775,0.3045445912766326,5.815708685336606,11.433889,12.29338,10.523412,0.005472675,0.012478731,0.0022936137
5527800347943673088,127.42212200552522,-40.33388232917654,0.4305063362198259,0.015306894,0.46050633621982595,4.275307052227994,11.597164,12.843897,10.493586,9.664818E-4,0.001033007,8.374771E-4
473516128597272960,59.59366111304295,59.46877173062105,0.2437676579688686,0.014540387,0.2737676579688686,3.932615932644449,12.793796,13.877566,11.763151,0.0013007411,0.0020501544,8.458546E-4
473615222081933952,61.88666220084486,60.31846089984355,0.2048447843787745,0.018225498,0.2348447843787745,5.29593643502353,11.252038,11.9478855,10.434,0.0042988574,0.0061850944,0.0032048423
510852725982463232,22.504923284421363,62.28406856130551,0.22775013802944483,0.016164977,0.2577501380294448,5.399445221060142,11.574573,12.637618,10.538606,0.0030564943,0.0017434378,0.007177104
5932997939411720960,243.72812715093312,-53.33843952314302,0.5366640412932773,0.014880154,0.5666640412932773,3.452898374680187,9.795047,10.603691,8.91891,8.28269E-4,9.851699E-4,0.006833091
4258436301367796480,280.4849249780467,-4.110663124340025,0.48159338437240234,0.023749035,0.5115933843724023,19.704220063196736,8.580884,9.712849,7.533475,0.012411997,0.006117792,0.011439886
5877533315817003648,219.29984456353915,-62.01091660197812,1.196376771503265,0.018763741,1.226376771503265,7.065803200530316,6.440249,6.9473166,5.759874,3.8697614E-4,0.0022551813,0.0039879046
2057392418305405824,304.0126834046141,35.702031544849774,0.3727150629410965,0.015199068,0.4027150629410965,11.815618140996646,10.629886,12.082711,9.463933,0.0034069305,0.0030483985,0.002362901
5409250351407633536,144.92368099530566,-49.52500743492963,0.40656312020037255,0.015162263,0.4365631202003726,7.75418818263341,9.136034,9.851603,8.302485,4.791315E-4,0.0011859323,0.003036172
4096140001386430080,275.8297937830495,-18.57477358788638,0.5028555821444272,0.018711733,0.5328555821444272,6.568678185874367,9.769259,10.770625,8.802657,0.010705618,0.008522625,0.010269942
2013131813945245312,343.6970802584578,57.790641338890616,0.2786949583372794,0.012741587,0.30869495833727945,5.86971600874405,12.2426195,13.448832,11.165735,0.0039439364,0.02303881,0.006249593
5255254711361371520,157.0701303269516,-59.35017823430205,0.34635967337089907,0.017869921,0.37635967337089904,18.171815893432377,8.289173,8.939795,7.5060105,0.006538606,0.00954133,0.004331062
2936274153063501824,107.13204892451148,-14.907440868015069,0.34735493336583445,0.014132148,0.3773549333658345,6.388715617046421,9.249489,9.932033,8.43383,8.2814594E-4,6.296314E-4,4.916623E-4
206577210999441536,74.41700356968201,46.09253021377094,0.23157451407003837,0.020790458,0.2615745140700384,13.84505229121153,11.096729,12.093488,10.123025,0.019375144,0.039612494,0.01385044
447848132723812608,47.780609263928824,55.50823864498823,0.41999267924323525,0.021681156,0.44999267924323527,5.668235869175296,11.263366,12.555744,10.139132,0.0034201466,0.0028952493,0.006886389
2030427789038000256,299.4541915907618,30.26589476174652,0.2566363273628326,0.016917653,0.2866363273628326,11.662020910040736,10.427999,11.306932,9.543956,0.023711298,0.013951925,0.0073224534
6057514092119497472,183.24856425678502,-62.096823487166695,0.29286504766505134,0.013239264,0.3228650476650513,6.396717191824198,10.480254,11.326685,9.568512,0.0018459406,0.0031909572,0.0018855119
5350852677538959104,162.75754894134533,-58.59058477984038,0.22701247177613373,0.015993455,0.25701247177613373,13.453151928860816,10.924204,11.896696,9.961835,0.0040162173,0.0030768383,0.0038144593
5864955727424819200,203.49589762775506,-64.05556091565754,0.23860659524216335,0.015768955,0.26860659524216335,15.037396908377152,9.717924,10.510226,8.865276,0.01277561,0.012342321,0.015423896
2019880203996185472,295.46291779820695,22.40358651849869,0.3176132988963497,0.030100832,0.34761329889634973,19.87030482472262,12.145508,14.182073,10.818348,0.04008352,0.09079831,0.08094667
2060907591353171840,303.27774844333067,37.80625671375141,0.21050082253112473,0.015312976,0.24050082253112473,8.849830478738067,12.040718,13.503128,10.857075,0.0016643009,0.008222167,0.00989958
1827892180896495616,296.78813743716955,23.100037546401143,0.21102847875104006,0.02014666,0.24102847875104005,6.332444651768881,12.933476,14.591179,11.70515,0.0028047834,0.0043006428,0.002360559
5327245711883215104,138.61381360286993,-47.31830648607571,0.49411196557452236,0.03222501,0.5241119655745223,10.173744433115399,12.276276,14.886033,10.867624,0.0021898225,0.0024490345,9.1458904E-4
6054836506424835840,185.66715621139582,-62.159912612353196,0.24421344322485938,0.018613623,0.2742134432248594,13.773109152687887,11.1907625,12.584957,10.029923,0.007445905,0.013836011,0.006974751
5309426652799793536,146.11904986260538,-52.48549702282817,0.26570724586269967,0.013714522,0.2957072458626997,6.488332737992444,12.584188,14.015724,11.424003,7.073324E-4,6.582749E-4,3.4929503E-4
2007201567928631296,340.21724149798314,56.829455737985164,0.4865942070663286,0.020830631,0.5165942070663286,10.886217574943862,8.0420685,8.668924,7.25304,0.008592118,0.011843195,0.008484639
511048061089677568,20.965622611340567,62.52222607852369,0.2981917789997395,0.01694558,0.3281917789997395,6.041075871576726,11.648291,12.770253,10.60211,7.384871E-4,7.2403264E-4,0.0014232112
5352181712213705856,159.03578076991656,-56.04322576616842,0.29005116438419437,0.012588715,0.32005116438419434,6.983574478082097,10.200825,10.919918,9.375902,0.0030742483,0.007429631,0.0056544347
2934506447605426944,105.97944480266626,-17.879914118164372,0.247059851492416,0.017185556,0.27705985149241596,4.2060135004169785,11.591968,12.285686,10.774686,0.0010049634,0.0016724822,0.0018957673
2060460704279873536,304.19788176007916,36.5499421215892,0.2708984444391894,0.015687522,0.30089844443918945,4.945020359758307,11.556403,12.632719,10.52886,0.001432395,0.0024129765,9.806198E-4
3044483895581000192,107.31421056695183,-13.786088312199482,0.3929450678982316,0.014625718,0.4229450678982316,4.669821448997197,10.093866,10.829808,9.253426,0.0011184284,0.005014704,0.0014651563
279382060625871360,76.63188025360888,55.353514934576964,1.4082400918422522,0.01932024,1.4382400918422522,3.2948668284952753,7.2002816,7.774005,6.4629765,0.0024858378,0.002504416,0.0042338884
5620098679741674496,113.19596459364791,-20.90968216105593,0.37627147617903556,0.020086322,0.4062714761790356,25.97135479006247,7.63837,9.019754,7.1719837,0.112485744,0.1684006,0.028275158
2011184205192790784,353.1235123805135,58.827576825626615,0.2941309505952703,0.019961916,0.3241309505952703,7.67660999567363,11.988215,13.307659,10.852922,5.830514E-4,0.0017900591,0.009556082
2011892320749270912,359.5379122144546,61.21362499394714,0.30743687174558065,0.015254483,0.3374368717455807,4.479404568398528,10.584588,11.1485195,9.677722,0.0020776158,0.035823125,0.022163529
5255239283837540480,156.14238209215625,-59.53596231547288,0.27471477232135766,0.012230703,0.3047147723213577,5.09223270840587,11.730854,12.681268,10.74954,0.0011974449,0.0029892735,0.0016242691
5884368498528237952,235.58714333318548,-55.31194067495213,0.5968835045929278,0.019319529,0.6268835045929279,12.646061291635199,8.440059,9.480623,7.4240193,0.0042275987,0.004930983,0.00398975
2171687236130073856,322.9330026364504,51.38237126756458,0.217405173789754,0.017035188,0.247405173789754,4.314960031473227,14.541026,16.380016,13.257691,0.0029497514,0.007148769,0.003118067
2020020464757138560,296.11338226731715,23.05750705898656,0.27165409716398675,0.02245336,0.3016540971639867,4.786971849227814,13.788973,15.997142,12.434899,0.0011959743,0.0037017497,9.4747724E-4
3356940155020790656,98.73938107212598,15.330460663767354,0.9723208092512202,0.0281999,1.0023208092512201,7.911418516029027,6.6448402,7.1489797,5.9858212,0.02045729,0.03732465,0.026028657
2061395533983428992,305.21275549604746,39.012626675002956,0.22794997554839103,0.01898058,0.25794997554839105,41.334371056700896,9.897997,11.372992,8.7387295,0.004417169,0.0040510646,0.0029407197
5526978119406752000,127.45211329708513,-41.22377569176993,0.2705209905411303,0.013884362,0.30052099054113035,7.20099621945158,11.828694,12.917824,10.789971,0.0012783441,0.018335901,7.608644E-4
5854560115494081024,215.45223418450348,-61.549662306349795,0.5489217090880792,0.021112714,0.5789217090880793,9.466156631475476,8.268525,8.956209,7.4521585,0.0010544772,0.0014208162,0.0042011403
5351331755370445056,161.23471883683916,-56.28954228003264,0.4210648601177822,0.017516108,0.45106486011778224,14.095682250801948,8.161997,8.790661,7.3609776,0.0134361675,0.009969271,0.0063763936
4293157229319068544,287.9965392473384,4.354829086904476,1.068258254542286,0.01836588,1.098258254542286,7.476223095703373,7.2533503,8.022318,6.381359,0.0011051274,0.0012639376,0.004918314
4103989346187406464,276.80604405260334,-15.117988962855241,0.42558714325809893,0.016602227,0.4555871432580989,5.544769752972595,10.062658,10.905126,9.162669,0.0039639813,0.008400067,0.009358904
2055014277739104896,303.09510555227877,32.871599665362666,0.5130008170404031,0.01925514,0.5430008170404031,5.954939175765905,8.907527,9.74096,8.009031,0.001132586,0.0028677066,0.001834569
2028224024136014464,296.93528048837754,27.918230473453455,0.22270436944019711,0.018753136,0.25270436944019714,12.227643162712521,11.30252,12.494984,10.191305,0.013734102,0.010627825,0.005844951
1824511899869141120,295.14631384013137,19.28555029499669,0.27280412392491393,0.016299197,0.30280412392491396,4.43724220236643,12.11412,13.448914,10.98508,0.0016351793,0.0025931206,0.0012003471
5308893149150949248,145.2927195231452,-53.81603750377876,0.26108018898990765,0.012454911,0.2910801889899076,5.904433801414301,11.098418,11.957912,10.176315,9.2376565E-4,0.0028105618,0.0017881636
5865376148813776640,205.15813451214143,-63.37499616664753,0.26998496834559593,0.017357167,0.29998496834559596,5.55485667685776,12.212594,13.629821,11.0400715,0.0011566815,0.0024061839,0.014376638
195373217573454464,82.16349483157283,42.43772581387565,0.5060727369856335,0.017023604,0.5360727369856335,3.8594546029468346,9.299659,9.835505,8.598051,0.012734739,0.05610818,0.0025326589
2172735787961250176,321.39774499399834,52.65315976107884,0.23802087031132396,0.0131431185,0.26802087031132393,3.296605831001372,13.435862,14.898933,12.261286,0.0012099063,0.004685996,7.384953E-4
429890595286480384,0.6740440026851222,61.86106892833162,0.24348209709254162,0.012660239,0.2734820970925416,4.305509427733281,12.0967865,13.065214,11.121356,0.0012059725,0.0014502505,6.8599585E-4
5537743094157581568,119.44026790303079,-40.123336587531924,0.9110317878697062,0.019895164,0.9410317878697062,5.083751954550861,7.1386003,7.579774,6.5215397,0.0035285016,0.003959607,0.0026398713
5540220908024647936,125.32005874206146,-38.75436893612821,0.23711224393950986,0.013972746,0.26711224393950983,5.030036600458381,12.756542,13.878121,11.711867,0.004802756,0.006173532,0.004228943
5324034867356093056,137.06554453409234,-51.43625401775564,1.0362069211939346,0.016881593,1.0662069211939347,6.923682646133043,7.2326202,7.903524,6.43123,8.325466E-4,0.0017901738,0.0025285538
3324153371114695680,95.35960712118661,6.47015262947898,0.43237569028367195,0.032054376,0.462375690283672,15.229709339395576,8.015863,8.608304,7.265458,0.035978425,0.05143801,0.016327245
5338182833266967680,163.82797577819846,-60.93997649536917,0.27053058848420364,0.018355928,0.30053058848420366,23.016632127745833,8.829884,9.48777,8.033808,0.012672005,0.012114465,0.011383361
5338207327417387520,163.13666954657472,-60.5267533612129,0.2050221364389111,0.012926542,0.2350221364389111,4.674523060393216,10.94368,11.541153,10.197526,0.0020647938,0.0044988045,0.0015044468
5887482762148283008,228.20631607054662,-54.75527921876983,0.5091717771655467,0.01775859,0.5391717771655468,8.21842560033969,9.02575,9.8562155,8.130495,0.0047050267,0.006645847,0.004520605
2012787293154800896,358.6023764556236,62.14946566897747,0.23616727723174516,0.012282481,0.26616727723174516,4.566052720863474,11.443254,12.22314,10.544868,8.624374E-4,0.047145337,0.0088994885
248494232082353152,56.34731437908635,48.083475511028745,0.34416049117380876,0.016833082,0.3741604911738088,4.118190221901202,10.446909,11.044666,9.685372,0.007858741,0.007948654,0.00488855
5974803673528269440,263.221274125115,-35.91142645925786,0.552175697413641,0.03172574,0.5821756974136411,8.451407687340744,11.296666,13.132856,10.029926,0.021767857,0.033918615,0.012875497
5594382644652353664,119.05200676022297,-32.602639894442866,0.2434569381705641,0.012920969,0.2734569381705641,4.516859443118318,11.531033,12.323551,10.649623,0.0014621305,0.0011707688,0.0018738592
5312196047720402048,143.34883899136824,-52.75584510624467,0.33070680228578786,0.012606547,0.3607068022857879,6.453538246555032,11.054903,12.038904,10.060224,8.864276E-4,0.013268008,0.00393226
2070224337474904064,311.4991257844127,45.306934394531055,0.4717673340207903,0.013722008,0.5017673340207903,10.142097423348138,9.418769,10.46184,8.405911,0.0015700726,0.0015439403,0.0010190456
4104869264724284544,277.8431918063009,-12.928716026318858,0.2757846304182107,0.024776665,0.3057846304182107,14.746698061880435,10.283019,11.559087,9.231412,0.0167463,0.011777921,0.0074447924
5506374096132016512,114.57584255203928,-48.60140948568053,1.2142443576662512,0.041856103,1.2442443576662512,5.694735343932434,5.468684,5.8291783,4.9326744,0.00118262,0.001770058,0.0044208555
5309930194773990400,140.5672870032836,-55.960258003209596,0.9449611278223561,0.017378042,0.9749611278223561,4.37108227297894,7.3569674,7.7780943,6.7490697,0.0020488189,0.002690863,0.002547016
258412862056729472,67.4141211272995,48.42196837944367,0.28795813310721574,0.021493733,0.31795813310721577,22.965943732599275,9.499542,10.651331,8.409973,0.02111385,0.043502808,0.02141703
465365517618881536,36.73620554799747,60.57141481289539,0.37871996832516175,0.018010493,0.4087199683251618,7.468600555163552,10.8355465,12.1125555,9.727487,5.658678E-4,0.0010392547,4.9551524E-4
465719182408723072,41.18047609429559,61.46469937345128,0.3445429791531086,0.013695499,0.37454297915310863,3.832644265104863,10.432182,11.115214,9.623435,0.0019405461,0.0019726732,0.003530866
4656427349891031936,69.63560897273148,-67.64631359674858,0.36354044530565893,0.016574599,0.3935404453056589,10.657385787779466,14.718978,15.282417,14.016487,0.008314762,0.009299087,0.005776636
3442172745919329664,82.35887430784578,27.000893551061026,0.24097869504210734,0.019474318,0.27097869504210736,3.348860418800168,11.655091,12.317741,10.84942,0.00989737,0.026450725,0.005136402
2071433765909167232,308.22621041712125,46.601248715704585,0.4186396791639282,0.012402076,0.4486396791639282,15.114398182781112,8.80543,9.714474,7.906028,0.0058036353,0.013896522,0.008493786
5525963476334997632,126.82403788940178,-44.23933108508532,0.21901359272067158,0.012125278,0.24901359272067158,2.4503549630304953,13.479204,14.981222,12.271845,0.013126725,0.015786735,0.017995546
5338359442320395904,164.45072523344564,-59.7321792034435,0.5530473206963148,0.022607977,0.5830473206963148,38.790997649235656,5.9047623,6.5351343,5.0970726,0.015974363,0.021588232,0.01979112
462407693902385792,52.358205926868344,60.44646692888735,0.2965268193135119,0.01741572,0.3265268193135119,11.261871340736597,11.711257,12.773016,10.689726,0.01411195,0.015508776,0.010075275
6053428684887800320,185.88240108722957,-64.47088908284749,0.28173753500300625,0.013009068,0.31173753500300627,6.121043201109318,11.313553,12.272949,10.339788,0.0022664329,0.0029348715,0.006033231
2008504454839717120,341.60317447816607,59.44218743843733,0.6727019569293876,0.013366408,0.7027019569293876,6.23293282641569,9.00251,9.900564,8.066146,0.0012521262,0.0013189177,6.741793E-4
2208664430643981568,347.139932698132,64.64987295523574,0.3755082897413859,0.011377983,0.40550828974138586,8.557739584017249,9.714727,10.598049,8.7840395,6.970093E-4,7.488929E-4,7.963712E-4
5333259323269569792,177.31664685852726,-63.078576037418905,0.39979397560106256,0.012004086,0.4297939756010626,3.1749662810162067,9.828431,10.344605,9.1793995,0.015832229,0.015244503,0.012841501
2200995921154697216,340.04315681498315,60.56380141985043,0.34964177257064055,0.01730624,0.3796417725706406,8.97626618859399,11.209048,12.582108,10.066452,0.0010709381,0.0023281572,0.0012056709
5854322827138360704,217.51511096435928,-61.71961106890965,0.2861451222071613,0.02301154,0.3161451222071613,10.601853079588889,12.122071,13.942516,10.841872,0.0022845955,0.0020691527,0.010986998
2055881689337758336,303.4842040116072,35.32817079097631,0.2780698938906182,0.019162266,0.30806989389061823,11.557078875055497,11.317862,12.66048,10.186779,0.0020663387,0.006252419,0.0035393296
2078709577944648192,297.06443323833906,43.12691706660922,0.4207201785813663,0.011484551,0.45072017858136626,4.925512698584912,8.911881,9.403464,8.25161,5.927606E-4,0.0010507017,3.549421E-4
5338072980840100608,165.9383008950686,-60.64226349818611,0.23294063639081997,0.013372778,0.26294063639082,6.695908673035643,9.848004,10.461115,9.08619,0.0013164933,0.0018318052,0.0014434058
4514869866387896192,289.97146033368546,17.2404655609959,0.6045865453718644,0.020684436,0.6345865453718644,4.842823844141056,10.748027,12.221515,9.5683155,0.0070929984,0.011245793,0.015518426
430766016998901376,8.317472542070307,62.90726018244967,0.26017177566153793,0.016521322,0.29017177566153796,6.84666718766436,10.96878,11.8261595,10.047944,0.0016606555,0.001955928,0.0025286095
5257911092756471936,147.11167690497473,-58.01813537048592,0.29493158149962734,0.012033056,0.3249315814996273,4.150497103669308,11.281309,12.121066,10.375294,0.001324641,0.001670056,0.0012075631
5327836325732931840,131.23285441361278,-50.56001943798686,0.37166570510603214,0.015026422,0.40166570510603217,5.858464787145861,9.214622,9.940391,8.378947,0.0014462752,0.002927716,0.0013618991
5328248672646357120,132.04364074263955,-48.659152296438826,0.20559111753056183,0.0100037595,0.23559111753056183,9.842987757283215,11.90268,12.9643755,10.874593,0.0015872276,0.023724495,0.0018694734
1873112207907294848,316.0693021818237,39.97223311595566,0.4572185443133457,0.012433939,0.48721854431334566,7.8568146771869145,9.065478,9.825856,8.206327,0.0062831575,0.0031008122,0.0030624128
473239154746762112,56.53438603853251,58.78422087765581,0.212830202260947,0.020799605,0.242830202260947,5.788380831297347,11.382635,12.117803,10.533244,0.0031480945,0.009147302,0.0069931177
5547358117187868288,122.7950323345716,-33.515860141638655,0.308198708979505,0.013098167,0.338198708979505,3.482546716399725,10.446645,11.041985,9.708694,0.0027303481,0.006301164,0.0035035321
5254512193075687168,158.63078840031983,-59.808538322619114,0.280707558963442,0.012096776,0.31070755896344204,5.573158215277816,11.828995,12.906066,10.780983,0.0029256132,0.012206997,0.01245936
1834213582473654144,299.7229332759326,24.395079467593543,0.3964417992677365,0.018427629,0.4264417992677365,5.630986396481902,10.6557,11.908424,9.565198,0.0018084421,0.0063290996,0.0010954152
467496268077100288,43.6666635458667,63.554807451651094,0.21555146761146118,0.014793209,0.24555146761146118,3.905301910848596,12.357934,13.201014,11.439709,0.0021956488,0.0027022744,0.006276433
2027621594813939840,299.66735360467317,27.683665136381634,0.3127580551083698,0.029546292,0.34275805510836976,13.603629507892801,10.318014,11.619521,9.195766,0.0053480114,0.042722046,0.0052238936
6053649721047932032,189.07190179090574,-63.29349505798291,0.375639227734181,0.01703343,0.40563922773418104,6.165979228599984,10.86825,11.967049,9.830336,8.593941E-4,0.001032046,0.0022725037
5350977643913585280,161.52428498085698,-57.54752081568636,0.5002828307371373,0.021853825,0.5302828307371373,4.8601193562826746,8.794447,9.292492,8.112722,0.0052436613,0.004794893,0.002968256
6059764002146656128,191.59277853009434,-59.12472733986109,0.6377498662851612,0.0189927,0.6677498662851612,6.220663211391806,8.080064,8.628707,7.3779283,0.0018133884,0.0023750893,0.0033843413
2010285491880986112,346.7919816563639,58.55419147277006,0.43627672677556284,0.01241254,0.46627672677556287,5.44091216438759,9.286283,9.938183,8.497212,0.0014475229,0.0018994414,0.001300992
5338148473537341312,165.30988772171196,-60.11656052689062,0.23328020375579206,0.012447756,0.2632802037557921,4.585826712495367,11.06204,11.7781,10.23811,0.0012408535,0.010415223,0.0010918966
2011892325047232256,359.53932937967767,61.21369618607262,0.30593915737733773,0.015415705,0.3359391573773377,5.140927430493174,10.49769,11.080222,9.586626,0.0013551393,0.034913246,0.014982545
5242088403212116864,163.61188958623998,-61.34709930702567,0.21519161837781273,0.012024931,0.24519161837781273,4.759590717812372,11.537836,12.292309,10.674649,0.0016605475,0.0017613305,0.0029962654
2161786374436607616,315.02658089008236,42.597550120532624,0.7954258009301457,0.018620951,0.8254258009301457,14.712201123607702,8.415941,9.685323,7.2637553,0.019588295,0.016554412,0.012826566
174489098011145216,71.94298042330281,36.72278112167541,1.0566163862524083,0.028701555,1.0866163862524083,6.463491956463242,7.0569577,7.6934385,6.2763615,0.0038119848,0.0046360088,0.0048522595
4303770918113986304,299.3875936164865,11.043659101906732,0.21310288109213676,0.014516919,0.24310288109213676,6.178911883435623,9.72378,10.187938,9.09269,0.0010056101,7.94148E-4,6.422072E-4
444069661013733120,56.373718521035656,53.435592300747224,0.28203847986463454,0.01733669,0.3120384798646345,4.3397415797787255,13.404468,15.170815,12.143214,0.0030199492,0.0044908747,0.0030387712
4320062347542878208,290.8892545810083,15.367825618498317,0.2934044209815173,0.027282478,0.32340442098151734,5.543648169859072,12.72047,14.786352,11.409489,0.0036011671,0.005091445,0.0017906757
2034428980559814400,299.89044309631595,33.74603420148679,0.2473100469055676,0.013688437,0.2773100469055676,5.782470500635854,11.065839,11.976801,10.114327,0.0015825339,0.0024489192,0.0053699063
430629986799994880,5.630325249740409,63.033041439978845,0.26636972929930286,0.012571435,0.29636972929930283,5.35045231321267,10.59011,11.446478,9.669241,0.0014122571,0.0033821787,0.002183871
5891675303053080704,218.13779279681467,-56.88774644775937,1.389795276490984,0.022076571,1.419795276490984,5.494286272601808,6.5342264,7.0337415,5.8668823,0.0018165548,0.003035269,0.006698862
1873250780732545920,314.336780027318,40.17748649759225,0.2877946255644045,0.01286414,0.3177946255644045,20.133704583558114,9.290366,10.348686,8.278463,0.0037969716,0.01866399,0.003632164
5829232354047904256,241.82916988706918,-62.91057283415501,0.9461396768885102,0.019091569,0.9761396768885102,2.5683899371183765,7.765076,8.092857,7.2558503,3.4290875E-5,4.9750015E-5,4.1328287E-5
422226488141991296,3.6176560337240544,56.25293038822658,0.44632358370353176,0.016551437,0.4763235837035318,5.809553951877663,8.79282,9.355143,8.072028,0.0010422412,0.001116645,9.878115E-4
1960750328384177408,327.9226489646837,43.13402308886666,0.5199990112328283,0.016358558,0.5499990112328283,4.864278854591586,8.678173,9.16281,8.02002,0.0010805967,0.0011575113,5.399285E-4
3346584610911570176,86.26316893008439,13.576351841194931,0.8812160582578145,0.033971164,0.9112160582578145,4.034304283566763,7.914921,8.425112,7.224102,0.0025569715,0.0030422679,0.009165049
4096341040228858240,275.27307925487503,-18.455473829661344,0.37156264187724797,0.018833546,0.401562641877248,9.761957813738649,9.748614,10.743615,8.764192,0.01219243,0.00858548,0.02199409
5539107450645759232,118.43777753766591,-36.97038424396259,0.29780850966218786,0.011465859,0.3278085096621879,5.564487895143873,10.571684,11.36794,9.698714,0.0031212792,0.0033991125,0.004119982
2058895313281315840,303.66548201494203,35.65400146575323,0.24512088277639815,0.01888057,0.2751208827763981,9.443988577995214,11.705854,13.16505,10.537988,0.005327797,0.004907104,0.00881748
5932812431123862016,241.29146798298012,-53.9194286857993,0.4440554717024816,0.017312815,0.47405547170248163,6.198083970439282,9.490322,10.27282,8.626893,0.0026592659,0.0018052999,0.0035838943
1825190337236422016,293.936476713444,18.945151126489623,0.2640793215145402,0.021522706,0.2940793215145402,32.061229190006614,10.671658,12.4740305,9.428258,0.0067508346,0.009576031,0.006411035
5351161399793209984,161.1361601636056,-57.56535723495042,0.5534810727489844,0.016717449,0.5834810727489844,18.881454785477942,7.1617246,7.84094,6.4025345,0.009378354,0.013545451,0.029026702
4265371574109405824,284.3511064872216,-0.7302390459806162,0.4343895919199536,0.017349016,0.46438959191995355,2.9878514658540816,10.5271015,11.302928,9.667056,0.0022155438,0.0029172366,0.0027423773
2063862597552413056,307.4437710411586,37.76093505415313,0.28114237172093287,0.025018012,0.31114237172093284,4.298239647005775,14.286362,16.57098,12.907676,0.009693288,0.032733485,0.008193798
4099189015819292800,282.3691212196899,-16.723041571141096,0.8235234718276118,0.024237482,0.8535234718276118,9.557729564579994,7.022887,7.598306,6.2903657,0.007566688,0.0070644114,0.010322008
5698636279917579520,119.52140842575025,-24.041757645656425,0.2369375161484665,0.01336943,0.2669375161484665,5.25105573643821,10.342215,10.792436,9.717337,0.001571722,0.008328941,0.0026751272
2012277910026607744,351.7401713699328,59.99428327026335,0.26926508188477705,0.018651042,0.2992650818847771,11.833756295191975,12.199055,13.805626,10.984333,0.0068065063,0.009420207,0.0048701344
2931247014102560000,108.2986438315777,-18.730740006444282,0.3063357019617723,0.014773269,0.3363357019617723,5.729626267456879,10.586166,11.352274,9.717021,0.0022066268,0.016611159,0.0085320985
5436296928693979392,143.4618762663071,-36.61573570506122,0.29453645986855004,0.014226128,0.32453645986855006,5.898398692509765,9.124144,9.502679,8.567129,0.0016654201,0.0019406736,0.0010309847
5933359884804777216,242.80151835320572,-52.4977583310944,0.23722596866404833,0.021284252,0.26722596866404835,15.37806614183132,12.0923815,14.025144,10.779941,0.0021250348,0.007191053,0.0160742
4175017625462647168,268.1612443348865,-6.143597122396139,1.3126031176792647,0.03618998,1.3426031176792648,17.117679601051407,5.5369325,6.4003754,4.612065,0.0029400988,0.0056928378,0.0037427663
5337634589276921856,167.68575235563773,-60.75027226503689,0.37823669897906,0.01205239,0.40823669897906,5.725844688410335,8.830756,9.3703,8.124998,9.86349E-4,8.783754E-4,0.0026418667
449863090859326080,53.8000361814987,58.29470129719268,0.2704503912257623,0.022579215,0.30045039122576234,9.43629140352372,11.186022,12.286196,10.137834,0.0011614088,0.0010332033,0.005034073
5877104712393104000,230.08876432179062,-58.12225500334706,0.5139782235823493,0.030640157,0.5439782235823494,10.520474136434816,11.082873,12.712348,9.871406,0.0012999359,0.0038154712,0.0046343724
3031875585286182144,110.50990452422899,-14.31817971516022,0.3598041719359625,0.018554816,0.3898041719359625,6.995508283424176,9.24091,9.797386,8.524482,0.001627789,0.0018004024,9.5709285E-4
5613972681993587200,115.49583823728105,-25.87616986726245,0.36847880255486304,0.015002949,0.398478802554863,8.936362044581678,8.733841,9.281257,8.02636,0.0014466415,0.0013334029,0.0012925296
5596601154188852352,121.58947099704125,-30.096870321980546,0.2811261985145067,0.0146581745,0.31112619851450674,13.673194000960388,9.459586,10.134429,8.643475,0.009414937,0.008627151,0.011568964
3134002107923090944,101.3905710187378,7.816290674211301,0.2461094845212466,0.023963489,0.2761094845212466,2.427175714312686,12.902605,13.625862,12.054683,0.013531156,0.018803824,0.011767432
5257664497238811776,148.8589534762194,-58.42968844947177,0.44729421076316295,0.013137772,0.4772942107631629,7.1970215742041335,8.96986,9.572066,8.213913,0.0023728611,0.0032240683,0.0013674091
3046774762417915136,109.15680336849539,-11.487297328637455,0.800598461712869,0.029132342,0.830598461712869,4.678368934320488,7.8456254,8.314631,7.180881,8.752044E-4,0.0013942361,0.0137658855
5312442888077720448,141.99085798185035,-52.31620768179162,0.27281575291396354,0.012501626,0.30281575291396357,7.6439175303255675,11.508369,12.619216,10.464776,0.0011966071,0.008675391,6.841639E-4
5853550729459342720,217.61241621987025,-62.1226663863662,0.256544733190804,0.024092156,0.286544733190804,12.863262284248913,12.912012,14.917052,11.598812,0.0058658486,0.008494619,0.0076782163
5355057622307185280,155.17091157354764,-55.32138032786641,0.36486582554374225,0.020607976,0.3948658255437423,28.136120434043374,7.824191,8.637205,6.9178586,0.0058488906,0.0034664664,0.0034370713
5935042378098601856,243.98143545539253,-51.12072866765944,0.3087115491619392,0.015327981,0.33871154916193924,6.812697523786934,10.324901,11.289794,9.364626,6.408652E-4,0.0034487338,0.0029563077
5852389305960163328,208.7554087093698,-64.03194811571124,0.30978966415303755,0.01542034,0.3397896641530376,4.169428997539113,11.278795,12.159182,10.345758,9.4105944E-4,8.448589E-4,0.006263843
5932879565692277120,241.04875458937116,-53.59877135548166,0.2094062986493068,0.019510021,0.2394062986493068,6.660626698931989,12.541672,14.1574745,11.319527,7.577758E-4,0.0016389115,0.009025727
4060754379934213760,266.78593553845604,-27.29285298054195,0.458031839808868,0.031996522,0.488031839808868,9.17124202555403,12.597301,14.953234,11.220205,0.0032391504,0.003126217,0.0016899202
1977074811892425600,332.26206158309327,51.045844895971065,0.4085105013563146,0.012896581,0.43851050135631464,4.323754411938643,8.977802,9.388089,8.377266,0.0020158305,0.0011691528,4.6763115E-4
5964704143786910720,254.73778004227734,-43.20532943881225,0.3804640186531334,0.02790471,0.4104640186531334,10.990776653123172,10.984308,12.68605,9.748949,0.0046966774,0.0034574706,0.0025462722
5866191402324493952,212.07132678390346,-61.73643537960338,0.2530747552167399,0.021347415,0.28307475521673986,17.750870865017845,10.583425,12.02098,9.428657,0.0019880035,0.0022180656,0.004564441
5254070090673438592,160.595907550071,-61.16590080733588,0.4039279757738218,0.011091277,0.4339279757738218,2.875924380536462,10.035659,10.55137,9.33499,0.008338413,0.02024256,0.009164075
5339394082770287232,167.42134476017733,-58.83771478223414,0.8586829351745597,0.014969537,0.8886829351745598,7.7196624557783435,6.614056,7.035534,6.0123677,0.0026980494,0.002278679,0.0076807374
468431815031779456,60.37887547147644,55.04533231174702,0.2484427152168835,0.017678643,0.27844271521688346,6.6029934413391285,11.929178,13.097909,10.862187,0.0014967996,0.0049712937,8.520887E-4
4285878256152184832,282.64530549146303,7.125981315923684,0.3180863674887411,0.026304414,0.3480863674887411,18.992527178144567,10.906177,12.703903,9.657742,0.013915951,0.013502445,0.02297607
2015820463470505600,354.3169050377229,62.42898845584973,0.6029154337285701,0.01406193,0.6329154337285702,6.296157078272344,9.244694,10.198356,8.274247,0.0010869658,0.0017055817,0.0010823029
