source_id,ra,dec,parallax,parallax_error,phot_g_mean_mag
3371550165888,45.033604633031075,0.12854885339664812,1.7407954226551587,0.08848822,14.56154
3917010338944,45.08367987809025,0.16935464897837366,1.0178782483800533,0.10151903,17.389402
4020090844672,45.1266054971029,0.18291924398881243,1.4060823484992906,1.1593308,20.64228
4814659150336,44.91277856068965,0.12400437507817762,1.4318826667030564,0.09424156,17.15224
6631429670400,45.01358727252408,0.17051432674768396,3.5951642689324306,0.03967958,15.907244
8177618164608,44.95255081106136,0.241145049329655,1.1784215741451547,0.34918,19.410795
13473313244288,45.06654257913517,0.2482055353375119,2.561994724342986,0.016241822,11.142178
13743895527936,45.13221220290736,0.2638056949924001,1.8979417942820573,0.2650594,18.71046
14018774039040,45.1157167349587,0.28479599408448014,2.8049059490638713,1.0003992,
15839839838592,45.184091031487874,0.35048215573212765,2.348814789872983,0.6911864,20.079012
17351668087552,45.16900303384343,0.4057633090585405,1.2332929647961903,0.5855303,17.576918
18799072665856,44.785222446442965,0.21496908151297056,1.3063049102115045,0.15544565,18.303305
26736172221312,44.96675777715095,0.32728851955032046,1.6476822495520445,0.1629191,16.030119
29622390238720,45.12122653218362,0.46227865445510874,3.5448072839109175,0.028354332,14.526101
32710471396096,44.8905897885813,0.4796588127025244,1.7643993576334474,1.317301,20.497192
34359738843008,44.93187686266823,0.5094255905616122,2.3976055292655083,0.4550661,19.583107
36283883727872,45.30438854642995,0.34480334429447224,1.567216120491088,0.15099208,17.750437
41850161390976,45.34232104551283,0.46287031523251526,4.834408281353371,0.6013152,19.841108
47695612200832,45.569258307075636,0.6120955174162661,1.3590771514407787,1.3726922,20.712004
53841710275840,45.22724339727589,0.5512187342539815,1.9754014714404338,0.26424277,18.870535
57277684114560,45.08650794619537,0.5572644357575943,1.1022014253989614,0.21085377,18.469536
62019328996224,45.35879026699316,0.6497304381370841,3.2049207116602174,0.6322876,20.350327
68272800674944,45.35411614866336,0.7769289792605049,1.607486225443837,0.35940057,19.498789
70746701364352,44.63160391629332,0.3434898257720415,1.5299915184328976,0.02521104,13.079447
71262097489280,44.65554804396225,0.3732637057021458,1.8096667872231103,0.7233279,20.324757
86105504493056,44.79715156409356,0.630663310646299,4.12386486246213,0.020200085,10.317473
101739186254080,44.61358273311602,0.7252524390293185,3.3588774001964468,1.2526966,20.575516
103388453283584,44.65454008571897,0.762310913587232,1.7199254675230913,0.48350877,19.869883
106652628397952,44.95042293898887,0.646127210711595,1.7429939403455288,0.361105,19.325216
108267536124672,45.088503678297904,0.7389663468360734,1.6783880907611466,0.43755868,19.653414
109543141672960,45.10074966951492,0.7742741035422578,1.1300850895465544,0.085047565,15.28245
110951890948096,44.96551311298629,0.771972846155539,9.44768465132381,0.061444372,15.8379965
113180978539776,45.02902597009213,0.8390379958621637,1.6815024025400231,0.19150428,18.479734
115109419284352,45.239208056133556,0.8199983573715561,4.245965323597064,0.092523165,16.725494
115380001589760,45.20504831704796,0.8345265047147441,4.295367992291609,0.01658234,11.758517
117308442534272,45.320752149629946,0.9011709532968599,1.060631635520022,1.0141963,19.52769
117785183684608,45.2360877861864,0.8860249117965693,3.3508324728278995,0.30920073,19.33229
118025701857280,45.19944529569773,0.909969956702562,1.965346324454267,0.50264174,19.946135
118098716518528,45.22819468622174,0.9082097212099127,2.316862348768577,0.9139977,20.66635
120018566679552,45.07812002676548,0.8923269750691587,3.722874170999444,0.45666736,19.689526
120430883355008,45.095431578985696,0.9099945958812922,3.1144290156587453,0.075736806,17.100351
123424475948672,44.8000069221394,0.7794933038508934,22.499346672897467,0.036271647,14.900652
125481764879232,44.93640486282313,0.8499416361678874,1.4042243262071632,0.18134604,18.309818
125795297920640,44.91728044533143,0.8781651134908831,1.0433094754237833,0.040900458,15.807073
131460359394816,44.80629553196507,0.9864699271216241,1.786920440943993,0.17349033,18.370205
136579960599168,44.93871497531032,1.0144857728115564,1.6250153044873399,0.64370775,20.25186
137202731029632,44.942622375967055,1.0482150841873072,1.421109416380508,0.013934936,13.272418
140359531828096,45.025056773332565,1.15386047537876,1.3756059368250757,0.7255459,20.42959
141871359733120,45.66989779267467,0.660891782827532,1.1565905232426144,0.22122684,18.794903
144929376460288,45.75874943735604,0.7782320330095622,1.638556773742065,0.27296066,19.065037
153794188988928,45.96884986813456,0.9464269642515972,1.69728003768655,0.118747965,17.235579
156577329473408,45.88286430701965,0.9514247200036726,1.8257660112271823,1.1426808,20.451012
160425620051328,45.53910081839333,0.8765971272964792,2.0878745106720427,1.719382,20.84425
161147172984576,45.65013827518995,0.8746926817159971,1.3982985820797178,0.19044732,18.360361
164445708277376,45.43498399654961,0.9154740358548131,1.2046685580534167,0.52994746,20.079056
169771467347328,45.79495429298389,1.0236392085513126,1.9609395446848508,0.28073308,18.551754
169981921298176,45.82817845977061,1.0381963901065971,1.1225094017288795,0.10363512,16.552696
174650550598016,45.7257699142218,1.1271021488589221,1.0677622001170215,0.5363545,19.495363
178017804556928,46.06550895817306,1.0274273542145085,1.4122023767771432,0.5546428,19.680561
183760176405632,46.032722282404734,1.101464566124532,4.002709568233648,0.032051917,14.203987
188776698198912,46.33486294775194,1.2283776297873685,1.2608762486953324,0.06999775,16.935766
188811057462400,46.33850562125737,1.2363343104629696,1.0245675505814544,0.47166464,18.358585
189493957289728,46.126216609858886,1.1640592301711308,3.0723255507801035,0.8476054,20.28224
199703094981632,45.81101721095376,1.2165231030444887,2.133199555099122,0.060457863,15.961519
200557792963584,45.894205052404075,1.2520073270677534,1.2818220458877467,0.17635833,17.979944
201111844251392,45.92662190168097,1.2891851834588888,2.488686279063769,0.20153673,18.30491
202516298048128,46.05922755144251,1.233390212198292,1.3676446074789907,0.47466174,19.521923
203100413494912,46.11283323190896,1.2787055841183945,4.024736592452507,0.01991529,13.728308
207017423782912,45.95114372903636,1.3071056134504762,1.20819060903477,0.89780515,20.388262
213236536586752,45.346164068557755,1.024701903282949,1.2918688765067055,0.05858383,13.079724
213305256084736,45.434944527535215,0.9838699439688627,1.5154581932812594,0.17229147,18.5828
215572998975104,45.250871359841845,0.9905542294094969,1.413751211579904,0.3285403,19.547905
220280282950528,45.50631637730239,1.0895756921444115,2.7890791084870976,0.017085379,12.06555
220765614607616,45.56281119577888,1.1119757893634323,1.5079639374856288,0.038291547,15.3477335
221585953065984,45.54523271996776,1.13613338819991,1.1317828323850696,0.20107403,18.272106
230760003221760,45.17286420229152,1.1673956992923673,1.1466094416013233,0.20278399,18.608475
230828722627072,45.171881974493104,1.1768842139196538,2.510159677276352,0.014134564,13.087419
231481557871232,45.3223015617976,1.1702512312896869,1.578982082301145,0.90290797,20.250254
232310486701696,45.204352849442785,1.1912707929845143,2.578736538739131,0.04335193,15.787555
232546709628672,45.265852773598176,1.2024749574948832,1.2757967415648348,0.086510316,17.121876
237533166643328,45.360606258119304,1.2059863496861907,1.654748198958488,1.1925942,20.71588
240694262824320,45.50027971073814,1.3618120745251405,2.149805312741452,0.015749507,13.398209
242171731580672,45.25196434386155,1.2957448753935084,1.2577705525876455,0.10889949,17.550951
244198956139648,45.35467204284346,1.3687055489972075,1.318925918507679,0.018542513,10.597648
250658586976512,45.79358249013322,1.4106058484082389,1.2360721706906463,0.023843165,14.257103
252269199628672,45.56797523583115,1.3620997839566293,1.728409063078834,0.44510478,19.450687
255056633485952,45.70243898395181,1.4911424451516542,2.577613193531355,0.7117333,19.344238
255056633486848,45.70464620259196,1.4757858008083238,2.526636471960213,0.019530384,14.065396
255258496874496,45.91432628049586,1.3841642500409368,1.4779722704449711,0.25567132,18.912909
258355167914624,46.01330067480531,1.517607175068789,1.085572140832604,0.6347304,19.712467
263096812324480,45.82916987728421,1.5664642026375737,2.0818997584212076,0.6145804,20.315508
265291540484608,45.46836930716871,1.4157314330678783,1.5192250668010818,0.8287866,20.155039
267872815868672,45.63743021839344,1.5267210652279448,4.041142089308766,0.01625428,13.792631
270995257135104,45.52944111122765,1.5548825250594223,1.3134478403936611,0.4835721,19.64022
271819890859264,45.504758327668064,1.572259300698305,1.901154007249494,1.2196026,20.542133
272958057146752,45.67207751916759,1.5193951585399907,1.822118260200354,0.09108667,17.17406
274431232868224,45.701181634106725,1.5961161456387634,1.1313899427801049,0.49101233,19.915909
280272386511360,45.76085426431262,1.732288174597499,1.1520889583726686,0.38435987,19.853498
281303178663040,45.67304882026722,1.7649388045944847,1.0254176774499006,0.32496288,19.385326
282888021703552,44.24460823006079,0.674162333449034,1.279160116394135,0.04102294,15.559813
286083477371648,44.21715625540999,0.7084084487901706,5.289220447585863,0.14956497,13.951838
290030551677568,44.28903001063191,0.8612840316412105,1.4120022910739407,0.868047,20.213936
290653322073216,44.443496070667344,0.789529053614847,1.0485560219583825,1.0110459,20.596468
290786466052736,44.48183588469209,0.8122148605640657,1.7453695390409332,2.6827471,20.851667
294909634654592,44.40952020659704,0.8699811789078076,2.2938957390657304,0.023114078,12.085147
297555334507776,44.537908491692924,0.9526544398785953,1.317697891671101,0.034567118,15.141285
301541063948800,44.18983036800617,0.8440164064576172,1.6124461904703402,0.2586332,19.067543
303606943406848,44.062125632033904,0.8511515849033263,1.3272860731418523,1.167189,20.582277
305286275518208,44.0637428936819,0.9312685758916465,2.4916889927051775,0.31189093,19.389702
305354994921856,44.05008097352134,0.946098624296796,1.1235535060053956,0.14380257,18.167753
305526793688576,44.03855148698903,0.9436868852018706,3.6486220492608257,1.8709987,20.653223
309070142332160,44.24542457693617,0.9590989285116239,1.5352063367361737,0.048174262,15.450431
309207581284608,44.27090409190348,0.9833173755425241,1.450374193533101,0.01575956,13.040367
312780994073600,44.21246040502049,1.0415049706377912,1.76979902764772,0.028794296,15.151771
314288526987136,44.192791477305036,1.0945884147099436,3.3089785314712117,0.26846308,18.94948
317385199039488,44.72527670073955,0.9724614615986582,1.9043687684299122,0.05128643,16.14333
322710958456448,44.56176710502694,1.0612963098488477,7.278266756355771,0.040406015,15.443743
323088914971392,44.53647371821581,1.085731929212797,1.4082290372483264,0.7703205,20.522127
323634375969408,44.62093883126307,1.0924893640360698,1.3580630465218626,0.073370285,16.818884
325695960499968,44.8452776839564,1.0871434421847632,3.5840175377487107,0.51191473,20.044085
328960135582464,44.885238336723894,1.1970432155693358,3.027409768719838,0.32090104,19.527063
338924460197248,44.367790841491754,1.1479681225592415,2.8509569426737267,1.5873226,20.694582
344593818675200,44.61483929951472,1.293552624070452,1.2339527176230516,1.2068564,20.790049
350091374715008,44.651415434775856,1.3995026527789662,2.279532358775717,0.71512103,20.477018
352157254220160,43.93375912782036,0.9257843714988931,3.021690472278094,0.018064354,13.768027
353286829947904,43.864426227709195,0.969432588076783,1.001459970962744,0.26635057,19.070587
354901738832384,44.05880996655524,1.0443612004312255,2.1659919350274612,0.9013677,20.295372
358440790715008,43.95337829336808,1.0554682727527098,1.0673218856043503,0.24303672,18.768787
361086490575104,44.13476982503328,1.1035089898094017,1.15009239468273,0.13639596,17.705402
363560391977856,44.28254697036352,1.1895286015941193,3.385085741093709,0.15271272,18.310019
366515329247488,43.962831243829136,1.2045728161465752,1.0127440588446739,0.18153846,18.509323
367855359424768,44.15398728445706,1.2442657937852093,1.6127158230981908,1.0407729,20.560963
368100172810496,44.15131341758996,1.2753116712423331,1.1051025980445923,0.0326082,15.033966
375242702898560,43.62870177943046,1.1920849254842212,1.32743968139343,0.3943353,19.46051
382149010217216,44.01892849568806,1.3595738839808125,1.0719297872208189,1.1122924,20.552914
382733125896832,43.85495080406906,1.2953299322352492,1.4678330692008195,0.46094066,19.743692
383420322161152,43.931321981212825,1.3514745277121978,1.4994319830243785,0.54521865,20.109264
389055319687424,44.271002787627026,1.3209755022097642,2.370255680665281,0.9358865,20.591867
389501994606976,44.36057640421907,1.3027627670118314,2.200136751458349,0.2775296,19.261742
389536354221824,44.37679392746129,1.3030932366401649,4.368273048845796,0.10524095,17.730574
396756194626944,44.49678072781707,1.4229311881531095,2.34545818496395,0.39188918,19.603682
399260160332672,44.54122831364668,1.4771739902297,1.2320065208763675,0.29107594,19.37976
402253752738304,44.36157194330891,1.5414084987735306,1.5280921836990162,0.42275414,19.758713
402425551487360,44.47657844927497,1.497362243136816,2.7165919698001932,0.1689394,18.418003
407884454568704,44.25658410326678,1.5147338972271913,2.936487776047594,0.2540868,18.962952
417230303575296,44.33644914304832,1.6709568711067924,1.7403101492559263,0.5333394,19.770739
419983377734912,44.213296531901015,1.7021662356772906,2.202448861219832,0.033650942,15.285105
426885389551488,44.89461359683545,1.2966032120848765,2.1311980799560524,1.1384653,20.711294
427576879914496,44.9489478521803,1.3534083974164675,1.4911246380833438,0.021975031,14.196053
434964223681408,45.2635890574705,1.5193530908046582,1.6803242210075586,0.07959417,16.851553
38655544960,45.004978371745516,0.019879675701858644,3.1391701154499523,0.022347411,14.128453
11304353963264,45.25280294045976,0.2644760705500549,2.4311197102914464,0.2965767,19.035908
11785390301440,45.326157917629324,0.30431379136478887,1.335599929469456,0.76007617,20.212744
14877767518336,45.10111834778462,0.3129351905246506,1.214156980166468,1.5934684,20.730762
17832704281088,44.84068305757108,0.1938282857664689,1.6993990813729434,0.2141807,18.812529
19619410717312,44.79448202422601,0.26791161759831,1.8849449734714232,0.8125715,20.56055
21371757709056,44.853263998598706,0.3196728484008479,2.3806752921671914,0.634805,20.10339
24464134162304,44.79833177411344,0.320533105646606,2.2782992894353127,0.93935,20.24765
28999619643392,45.09218986974516,0.4154485061042073,2.0328770753710765,1.7042531,20.711988
29205777829376,45.11989769564949,0.4253414365248818,1.4376332195272823,0.41043258,19.542513
37971806691072,45.49859483744273,0.43099284208387684,1.1164653337241675,0.025723498,14.178606
41059887816192,45.20026079394719,0.4523761089797983,1.5046341830629293,0.833828,20.151407
43709882411776,45.33303411176148,0.5541753840852546,1.4086640916665754,1.367716,20.582073
49134425896448,45.4943699627491,0.6008336141890844,2.6105719776368876,0.088463806,17.188951
57385058871680,45.096221214337355,0.5589256181440332,2.2430694078072753,0.023781274,14.445218
57552562253568,45.06893844200172,0.5690338180903819,1.5673846748083533,0.9117062,20.362383
60236917116672,45.21165199400081,0.6706270307773224,1.2504014963026753,0.25297147,17.960655
60408715999360,45.20921228616467,0.6866548990922817,1.47868133379332,0.26122734,18.87765
75527000674304,44.60976258037636,0.4446558980279322,1.4871265839605357,0.019550398,13.699389
83154861954304,44.93743032752458,0.6248524438451293,15.699076308305832,0.02283301,12.805547
86655260673920,44.834743617621385,0.675535306445968,3.996528196402338,1.4928377,20.60057
90984587296512,44.58252444713763,0.5814561325920928,1.1304475869888237,0.04257625,15.998461
93767726106112,44.332310901958046,0.6008019051854495,2.3601891897085596,0.34051305,19.303871
95730526831872,44.414250696540186,0.6571254910186275,1.3227063046006506,0.044343933,15.793551
101910984319872,44.610160746106786,0.746327309274475,1.2142750239258522,0.17145972,18.29037
102151502497536,44.612440333967335,0.7666598077136059,1.1141250694063582,0.42842686,19.52769
102460740133376,44.52344715456053,0.7455095776136238,3.288312600120484,0.08891866,16.43853
104487964717440,44.61704712532003,0.7995770356586563,1.3877327460041144,0.13677518,17.909193
106652628176768,44.95642925347666,0.6402242843520322,1.3376023626279492,0.22395724,18.633768
107786499559808,45.10698357214571,0.691003270851577,1.0333465372528474,0.9808299,20.550877
109783659841920,45.05866019761542,0.7915117258684609,1.6107123191826394,0.09210418,15.352838
111325553378560,44.84833287990843,0.7337463914570399,1.6634795106869367,1.0457513,20.372362
111428631854080,44.84725313905861,0.760289122071167,1.2373326608497681,1.441974,20.644884
115895398064896,45.142412303144,0.8375179569954732,1.8069164197594039,0.49539483,19.655848
115929757609344,45.11815421410869,0.8395441842705378,1.7364416417280806,0.12345074,17.8103
121255517266688,45.15727689171946,0.9323271121123623,1.6674744938254626,0.50331193,19.926554
124657131347072,44.77072025516691,0.8296479260584578,1.5451153262824302,0.95884037,20.393991
126237679324416,44.9299230312013,0.8949129703763589,1.533894375406523,0.45022005,19.62145
127027953308928,44.92519802818364,0.9066221271016545,1.0072805557161408,0.4027749,19.676098
130360847752832,44.85914424025653,0.9445135483402138,1.0196456895058037,0.12579279,18.013615
134999412195456,45.11860207282182,1.046582490933249,1.3132430144543819,0.022897314,12.009349
145998823447808,45.644770706268545,0.7493814979566543,1.236074884230307,0.33641356,19.35212
146509925059072,45.55232498597357,0.7399830691345554,2.3691697853941784,1.1855849,20.687841
151462022346240,45.85663660843108,0.8406592789405937,1.29116862299798,0.027360093,14.759245
153828548834688,45.96895271458721,0.9528695565249193,2.6277328331611733,0.5047613,19.570229
154275225306368,45.75607237413349,0.8525895695154048,2.6085217785763444,1.1217977,20.619299
157298882409216,45.824812116434444,0.9499670212478779,2.1071232308341528,0.6162643,19.764675
159016869305216,45.598899412312115,0.8115535544999773,1.048011867334838,0.92980886,20.496466
159158603722240,45.54783441526686,0.8100808180621495,1.662101603119175,0.24821894,18.707018
164931039765120,45.52939155641361,0.8992288059749831,3.309971849447949,0.13043429,17.728193
168568878037888,45.6195745655851,0.9699952419058913,1.3221364455260747,0.9643616,20.558222
168843754793856,45.69686740243136,0.9857604203764089,2.101846802282137,0.5519496,19.791248
174959788042496,45.67784846510809,1.107240873782935,1.99332633627952,0.0180155,12.146872
175990580077056,46.045720840166325,0.9156280045651893,2.5008906410207583,0.57628655,19.580515
179190331201920,46.18532636273747,1.0774151830096308,1.3775398186705756,0.033690855,15.120591
181522497972480,45.92554547351457,1.0417109798039124,2.194354715000767,1.4289933,20.453453
183377923855488,46.084350821750206,1.1235044344880902,1.3905855502959306,0.6526222,19.891403
184413011432704,46.0836348348046,1.1685831233119628,3.2272019044447733,0.041161623,15.80677
193342248052608,46.21321693499201,1.3168364489203521,1.0928390261907575,0.29457054,19.272158
197366632798208,45.965947431737824,1.2082604339529066,1.1196583762412766,0.03100548,14.15699
202314435122176,46.058682679971746,1.197614532701878,6.739925290260666,0.07752595,16.684252
203066053951488,46.11578780862462,1.2648528323268486,1.0985751070503218,0.5497031,19.872416
208602267210624,45.992763754701315,1.3845430808087542,1.3258819342846915,0.028552031,14.626212
210762635354624,46.06092596152946,1.4526123248359883,1.4526080344835872,0.5504218,19.938236
212137025138560,45.38385187276384,0.9923792147315397,1.4326918386939231,0.94694835,20.57124
214095530044800,45.50734836523777,1.0589414305663614,9.648876014119757,0.015705667,12.420376
216844309149952,45.24319853326131,1.0468637521849842,1.7099865429064545,0.116170354,17.843126
218665375304960,45.39478555441437,1.1364990788594975,1.5950097099925407,0.17684484,18.20711
226430676211968,45.42915705890562,1.2508870917992443,1.8100766163127289,0.12159803,17.510971
232203112243968,45.234077189706646,1.1991404334484999,2.0006424250027903,0.16733728,18.333261
250070176372096,45.73853727214833,1.3609854101363295,1.9458070060655015,0.2904701,18.955885
251994323549184,45.58430307653906,1.342762216343397,1.2203666305707244,0.9161199,20.35703
254781755579648,45.731018376293356,1.4619461384043444,1.0660234097252108,0.033655874,14.885365
258213434393216,45.98774133898043,1.5054540939459704,1.9357125516329123,0.62194055,19.962435
258453952430848,45.91806380083665,1.4732572025616157,3.4035766678846575,0.07607911,16.913786
260652975686912,45.73521582255741,1.4747522785495828,1.0618571701288164,0.2436852,18.812763
263302970754944,45.83328511138776,1.6026471146436863,1.064346500678773,0.03902816,15.801997
267696722062592,45.57634564432585,1.5193491788448115,1.0387172215640128,0.24845195,18.7915
268727514039552,45.44773441317994,1.4789791769042802,4.113845699666647,0.017494004,12.676742
271029616871680,45.56917686917121,1.5433130124338386,2.2729305083593987,0.84573984,20.15508
272507085605888,45.51348739573977,1.6124268202396546,3.6701736448158853,0.1418664,17.997997
273640956967040,45.74755867883683,1.576215697488376,1.2226677311286496,0.19875449,18.616804
275672476500608,45.85149547027662,1.6501857506198312,1.048943850070169,0.02019801,14.252428
276561534763392,45.80110750218074,1.668346071073714,1.3438910804445403,0.49313977,20.02891
281681135151744,44.30610374979294,0.6279046199994761,1.1135294327837852,0.07319831,16.54951
281857229552768,44.28283583847131,0.6450454222028608,2.332158104990534,0.1430081,17.831524
285598145337088,44.36429175865988,0.7770213754466678,1.3392199244345513,0.30822507,19.280626
286285340099072,44.20646381627989,0.7209506446692744,1.6505910105415658,0.6949507,20.43925
287178693437184,44.17940202584485,0.7395698345978305,3.3616806001432575,0.72600085,20.216442
288415643965568,44.267395563524836,0.778923318166277,2.060235278498414,0.4026609,19.514984
290614667139840,44.43530314183546,0.7827001508441608,2.4385388657391154,0.13049662,17.680927
291477956289024,44.43504058275967,0.8119785105183457,3.174836692262582,0.04210323,15.561382
293226007642880,44.61351401498229,0.8973442028109333,1.8040500508874766,0.60610676,19.79134
294222441030528,44.562677478531334,0.9215530128767628,1.4168309166797144,1.1143906,20.634628
304633440405248,43.98206577799129,0.8724490593083446,1.7137163320070938,0.119039305,17.576727
317831875635328,44.59530125397812,0.9526993991325557,1.1485122251080697,0.047315553,15.962214
318897027522688,44.7530388325461,0.9922085865431535,1.2894120146359394,0.06030688,16.428265
322195562381824,44.53331731826154,1.0287134944076224,1.0365436908709866,0.021848373,14.276851
323531296899200,44.63331007862332,1.073012194917412,1.117920479699394,0.9019174,20.370716
328066783084800,44.906751740367845,1.1661886311837808,2.4411109136212334,1.5085944,20.822687
329441171787264,44.93635676570425,1.218540547516151,5.099129412379853,0.118380815,17.86403
330712482099328,44.77294551187945,1.193451755003416,2.09700354895757,0.15002498,18.230913
332361749688576,44.81376915658764,1.2364712479429405,1.8013188396673276,0.6054102,20.047327
335797723362176,44.43286923234462,1.1342412896766465,2.506956163575728,0.22416729,18.394262
336351774585216,44.4845004125332,1.1833133676886798,1.0132688230937483,0.023183512,14.386108
338001042024448,44.52508349277808,1.2122007230202767,1.3887443053496267,0.020557765,14.335721
339169273133568,44.382229997700996,1.1813738694804332,1.2579302384890634,0.06142019,16.600853
339959547115904,44.352204492901514,1.2000528018385268,2.3493274252411096,0.030430758,15.182729
340127050416000,44.32038331301936,1.2068425514689676,1.0628079165134776,0.20836256,18.54979
343047628313728,44.648970490566086,1.197704353799398,7.105424908666152,0.5047135,19.83968
346552321536768,44.7084723189398,1.347347241311338,1.9469618770418162,0.15833692,17.611326
346586681148160,44.7237663012746,1.3510883819440094,1.604793349644883,0.07581157,11.843786
352118598838400,43.923440438691934,0.9269617618774144,2.5440716652124156,0.14969108,18.09326
353664787147136,43.971883036199415,1.003554872266235,1.8150409936517995,0.3436609,19.413977
354523780537216,44.014696857833286,1.0279251037724189,3.4922629016958955,0.112236604,17.471994
360227497190400,43.97214495231917,1.1471549172635482,1.4680417313141694,0.47537878,19.801449
362632678877568,44.086966616089846,1.1624495919191742,2.17064468783109,0.4134069,19.411793
363461608162048,44.244048519151626,1.1736854765685667,3.5287721455328014,0.109249175,17.618633
367206819615616,44.04186965145035,1.2589113671419487,3.019614961928303,0.02627291,11.003296
371703649804672,43.8364316168452,1.1374295390569265,1.8739716177921872,1.4350307,20.507093
371738009473408,43.85364936221646,1.1462489121520245,1.116700403419984,0.2645217,18.980331
376617092465792,43.82344359023453,1.2509784461974522,1.3290469422675069,0.36729845,19.658615
385275746474496,43.95497399846377,1.402843127451293,1.8320143535139872,0.3043234,19.301676
388063180827520,44.33298349376462,1.2865641156865744,4.178058137056636,0.013257954,13.204443
389368850883712,44.404970650433064,1.3004087702408529,2.175006433420309,0.014910975,12.400317
398779123894144,44.619013633180586,1.491313690562469,2.1432149351488676,0.20032088,18.546484
401768421241216,44.345925757090804,1.5105400571724128,3.9985040419848445,0.36025685,19.405203
404654639236096,44.130065077965625,1.3543890194413024,1.3605731662208067,1.2655472,20.620556
405410553384192,44.18283114648393,1.4279656708606472,2.562622099067862,0.22786574,18.849606
412935336271872,44.106427813454516,1.5886781570277702,3.916992562578476,0.30788612,19.255045
414932495973760,44.248334722443154,1.5748029696971748,1.4930414640327667,0.9330165,20.58697
420189536164480,44.33517782190564,1.6829944052087156,1.296915309697049,0.031627215,14.934727
427125907666176,44.91946561779739,1.3317771823893267,1.7184263113828668,0.17371391,18.510754
428191059544064,44.858722270741204,1.3551215391446518,7.177585320905276,0.017222852,13.358933
429393650411392,45.053393428520685,1.4022414194692205,1.4045672925828852,0.11175065,17.664017
430287003617792,44.935113368698225,1.431075371786096,2.0189784190818334,0.16835582,18.031681
432249804327424,45.156410436109525,1.4107940780097818,3.9700590747373905,0.05942571,16.410267
432967063260416,45.15761868749553,1.4565017686243786,1.8077379694898912,0.68487734,19.948668
434169654074240,45.29982534135448,1.5034394333154808,1.0518496716334214,0.7893762,20.095575
434444531972096,45.240635169564335,1.4762270652991027,1.1175037483114338,0.14393309,17.689388
438602060697344,45.22587957953578,1.5835334441274531,1.5570214854015114,0.6735452,19.944078
440251327732864,44.83553715706215,1.3912821354106801,2.326523795700769,0.22040194,18.688755
445547023045376,44.70939705786294,1.498114652226921,1.3744745746238873,0.016356124,12.16187
454132662174976,44.873738414089395,1.6242129552820725,1.1593026234378994,0.28529322,19.018303
456129822484992,45.0203960845937,1.7298457430298193,1.0428157543487186,0.10146865,17.357336
459320985030784,45.323317226524125,1.5936124180289322,2.2807478944108865,0.8969587,20.071718
459527141372928,45.34410189711559,1.6224736020463053,1.0766770457168617,0.4310541,19.433844
464681101887104,45.418008285655105,1.7107436315913682,2.0696161061562988,0.25296775,18.918495
469701919160448,45.57316630836106,1.7892755216303338,1.541235042073666,0.025010722,14.95532
469938141905920,45.587385118798395,1.8126882695456046,2.687232432139127,0.7827072,20.495337
473344051426432,45.56574403554222,1.836429319617744,1.5476067440044516,0.048557065,16.426504
477535939481984,45.23151446007298,1.7555559525385402,1.329973868263444,0.046558797,16.101473
477570299220096,45.23431113689958,1.7648500181540754,1.4516548300897205,0.033880837,15.4577675
480250358814080,45.125605693857395,1.7866934522637385,1.7187445459478823,0.07970468,16.94446
480280423144576,45.09761775876362,1.7891034039122007,2.900087285530895,0.04390064,15.92767
482513806176640,45.20336888722709,1.8708184843601763,1.06168238391202,0.64408743,20.12952
483136576294400,45.1447508965354,1.8866718818929553,1.2031089717451386,1.1867696,20.086529
484163073604096,45.32789302092697,1.8406444910381297,2.6810641798300354,0.04498407,15.979241
486121578718464,45.46492873198879,1.8955785467892776,1.7345602119704076,0.18812382,18.643593
491103740833152,45.433235401902884,2.0106745842557534,1.2765070328635322,0.25724503,19.18599
497460292697600,44.547721213228456,1.6224361878383968,1.1575714324738753,0.6172374,20.045284
497975688619520,44.61746726144709,1.6546549257593752,1.6771571620314127,0.778395,20.310541
500453884951936,44.637046296301094,1.7196963584727232,1.6293059239042005,0.055829104,16.52465
501072360238848,44.668148238144404,1.7678970555039413,1.3987089855889177,0.0189656,13.436768
502098857243904,44.90039343496158,1.7210534520261556,1.018441213049281,0.6744284,19.930414
504989369827456,44.85784871101367,1.797120002437311,1.9223728921702825,0.6008936,19.91169
507733854369536,44.72509622550349,1.825264976476899,2.1476804806844085,0.29412204,19.14953
508975100054016,44.87991188490482,1.8870318789424638,2.7343858837181774,0.017273072,10.817996
509318697440000,44.79632113178683,1.87671753965929,1.5673520001727868,0.020713577,14.078811
510757511306752,44.52846902397985,1.695706577851602,2.2097331101615545,0.45379195,19.806244
512204915443328,44.451532377456154,1.7542630214629729,5.137837175908724,1.4486328,19.871012
518728970670336,44.45765779893414,1.9032810722172238,2.7267644553950405,0.34750122,18.999111
526631710314240,44.68752062555672,2.038503349718309,1.353818100998684,0.2903532,19.06916
526670365315072,44.61030826660946,1.9842112762260937,1.306739500440587,0.040105052,15.609235
526872228474880,44.61252800022621,2.011854331922215,2.0648739390304103,0.21329655,18.599901
526979602939520,44.59400225551348,2.012845390188724,1.1028245443643732,0.085451275,16.827293
528280977677696,45.00016905284812,1.8590667712311346,4.1615366826699765,1.3182214,20.664188
534087773516160,44.8945109330286,1.9668419501046654,1.4449877924292218,0.2678791,18.883156
534366946703360,44.99302027922796,1.9516470007245594,1.1743699708508155,0.029550014,15.008564
538249597168000,45.188634426483226,2.030725690873176,1.1441583504585198,0.024606533,14.918352
538490115337216,45.15103855329006,2.0402302094191933,1.0958566840829984,0.14599042,18.230242
538799353044096,45.28118274259485,2.0356466207102675,2.480658463343879,0.74527675,20.391945
541788650185600,45.10383402933857,2.076493285927297,3.7065490788947315,0.01363806,12.422776
542334110759808,45.016264743398324,2.078722421062547,1.706491662070993,0.2658466,18.64088
543914658743808,45.23291100866619,2.1644784740363288,1.0700029452663553,1.0338705,20.711374
545735725828864,44.806090437665034,1.989659380873434,1.3635157870942984,0.8746711,20.475565
545770084567168,44.8255257636985,1.9813717085551108,1.574953937067381,0.23149958,18.774172
547728589432704,44.94448704187494,2.044569025909662,3.0842004088771726,0.018019916,11.367274
559002879106432,44.92265880757272,2.225925147879942,1.3143838745558023,0.015354893,9.891755
566733820335104,46.43059162624186,1.363162782337755,4.161563280628915,1.2708569,20.366468
567416719822336,46.31094257099578,1.2930142498103625,2.2807723546152534,0.80239457,20.414892
569272145651584,46.2933725511788,1.3689543025328215,1.1844883587560677,0.31180194,19.18007
574911438082176,46.72034947845501,1.5016159139552192,1.4387063554131607,0.31908655,19.154875
578136958220800,46.46398621369574,1.523442794578461,1.1628312556961984,0.44127986,19.79208
580335981246080,46.55642824620302,1.6033466571948465,1.9121844945432895,0.2881897,18.955696
581779090424320,46.213231294385395,1.4071692823998907,1.482454456875607,0.16609055,18.465055
581783385759488,46.21636717503892,1.4056506121982897,2.088316350193605,0.033376288,15.528727
581817745497728,46.22201374148298,1.4181690760280592,2.381664252254693,0.07280267,17.102615
583879329779584,46.28594126839941,1.4735431004578496,1.4748960044056225,0.054616373,16.637426
588238720877824,46.18809813641204,1.5339886416003479,1.5849543701450972,0.32122922,19.015066
588719757404928,46.18013069781363,1.5881548456990358,2.390726409819343,0.22153553,18.83777
589991067716352,46.44971545753827,1.550167185162343,1.1294564769452953,0.89880526,20.428854
592396249422464,46.523822984026346,1.6424320326189579,2.9074010682700018,0.39692,19.417873
594595272471808,46.34772438846418,1.6357914346095994,11.029723548961819,0.040406622,11.953011
595832223051776,46.32454514768899,1.6972838601648834,1.4100076091164278,0.032134317,15.376734
597447131736192,46.35538695555322,1.725220836889351,3.5547474467794715,0.88559544,20.338554
597481490562688,46.376581173545695,1.728594526078774,3.037561328864425,0.20418754,18.51507
603704898805632,46.610777155230174,1.618866649186547,3.4421578668811694,0.08517335,16.931995
610469471693952,47.002102576668925,1.8073872668037612,4.121640532067048,0.32990384,18.373333
611706422256000,46.82450020559585,1.7616861274639413,1.9563284285050575,0.51167744,19.449816
611951236036096,46.883919128082184,1.7715771375889036,1.9245119624229987,0.025488717,14.220247
612844588900224,46.805815379977886,1.797258180939578,2.782874044199977,2.2696195,20.62686
621189710068352,46.54397162645873,1.8199000328689434,1.3650677013947394,0.25119656,18.605728
622667178711296,46.55501748081855,1.8305402130092212,8.14631092972997,0.015356512,13.19548
623010776213888,46.64223845898161,1.8565937889075466,2.207841118994458,0.566881,19.39431
629921378570112,46.72450329970858,1.9640013886059349,1.819486308225022,0.9926192,20.277994
631738149636608,46.785205464353815,1.9923654082992308,2.557692343783838,0.017641505,12.321608
631841229149952,46.835448025074086,2.02327207656748,1.982760499407976,0.9837009,20.349329
635964397501056,46.152327967242755,1.62340952499257,1.173003141671147,0.08861052,17.243988
638988055199872,45.95888178851995,1.6444159843950652,2.209923439278946,0.14478157,18.281431
640946559980032,46.08485540912334,1.7283263349495464,2.370500590163637,0.021286521,12.812934
644588691868416,46.304119538896835,1.741926361096929,4.345623514509591,0.14397497,18.129473
658474321332224,45.92146916544812,1.8679357199308073,2.154236624281257,0.5264983,20.08098
661497978703872,46.07684843372567,1.895951233582576,2.1964169042611026,0.0203912,11.332049
668125113259264,46.085399993326035,2.048600029826028,4.1696287002587775,0.38420838,19.189072
668404286111232,46.06281974515933,2.069219016479003,3.138924506911252,0.10603689,17.24569
673966269954688,46.35761779736678,1.963784000818994,2.005638722501651,1.8143549,20.62478
676788062301824,46.42174619318893,2.038226045657008,5.383549247275069,0.15101156,17.61806
677333522741504,46.58856608225913,1.962173094256714,1.912820097265326,0.33536255,18.954672
682418763907072,46.56740524912742,2.087134878958321,2.76094294871323,0.3018773,19.018034
682526138011392,46.514580552044855,2.0784379672736626,1.9367637655069303,1.0109506,20.058004
684690801619328,46.64601947042556,2.1738939549033853,2.1472608066528913,1.8375992,20.688765
686507573139200,46.23185629470423,1.9881074707688164,1.7444097146161452,0.33499315,19.05399
707058991413120,47.14215423447807,1.929271709177785,1.0413430265888255,0.7784997,20.597685
707436948994560,47.16053209413906,1.9609165908430077,1.3997543356401023,0.0377433,15.882707
710563685171072,47.08287835254316,1.9663493037390318,1.196013840301791,0.032023292,15.634956
712998930915968,47.28610481962965,2.004016852457169,1.477967948852007,0.15567464,18.362047
713651766247936,47.22914262326116,2.00113552943048,1.4273298901146008,0.3949593,19.851309
717469992575104,47.250960261433825,2.0679341216522045,2.9372222140099162,0.03436358,15.506052
725471515913344,46.987359216984004,2.130626205081666,1.7722027412439665,0.047991812,12.931685
728185935471616,46.92822720645372,2.1289443491353994,3.2404210548587544,0.22017069,18.810503
730251815270272,47.141491071503864,2.129609019492254,2.5648903330468134,0.045542125,16.367855
734409343583488,47.18474515850964,2.2931832279028344,2.092261431275782,0.01594033,13.21337
736402207755392,47.00229895789594,2.26172447488905,1.1633114064791004,0.38525274,19.683187
738493857021312,47.13603170270187,2.353873717356505,1.260256760040047,0.5894223,19.973593
739318490975104,47.47494528094061,2.1432939268119724,1.6196373644879036,0.19438095,18.573265
741654953281664,47.598229255563446,2.222528830665525,1.2333387777515434,0.8830655,20.344816
742002845788544,47.575497270917765,2.247391591246972,2.8534748249044526,0.06973989,16.646278
745713697532544,47.48319480177252,2.285969205314217,2.8467641079317936,0.030919801,14.674912
746847568868224,47.39484907658477,2.303495620252296,1.451887426324267,0.024391292,14.454721
750180463515648,47.713615790493165,2.3472017492347206,1.5869247602332073,0.019277895,13.489535
752993666877568,47.573901049636945,2.3937078360318056,8.658125631550627,1.1235845,20.36581
756326561589248,47.63098602873149,2.510672650846655,1.0937767862605865,0.577266,19.744345
763202804327936,47.30333292383959,2.414255775037745,2.034886285308327,0.05726852,16.236736
764542834123520,47.220859248790525,2.469520834450647,1.592387820632939,0.037686773,15.04906
769043959844096,47.49846871663152,2.5528224619428825,1.4738548864652186,0.024344526,13.330587
771964537605888,47.46030688340467,2.5578694267593525,1.6544862336502055,0.055280145,16.043064
773029689495040,47.402316470727285,2.5988702001109325,1.599491283647219,0.016860597,12.468111
776637462012800,46.82853880051207,2.2072829612433558,4.297634938681883,0.02451262,14.38331
781684048258304,46.789507655804094,2.333365690833401,1.0305141895898182,0.619887,20.180243
782233803958912,46.70942013108117,2.3316876079556956,1.789839530867828,0.35841984,19.490034
795672757061760,46.701983477428165,2.427465846241778,3.0169328677532024,0.021153025,14.402134
798245442552064,46.58135852122976,2.3945585908532623,1.502713706648113,0.14478233,18.270473
798382881546496,46.60194423806038,2.4095731005318,1.119831459498451,0.3599392,19.521868
799413673660672,46.5173732622517,2.4450437886454752,1.1355209294523692,0.06634518,16.724123
799825990597248,46.52692017034242,2.485936028593198,1.7992055208072664,0.24769348,18.924025
800517480171776,46.74456785979586,2.4007683929547823,1.3511252134106855,0.049892493,16.469086
804567633820416,46.82617598822045,2.5677242846460366,1.9768255509874213,0.20663218,18.675797
807251988881536,46.764145020871794,2.5788028370832503,1.8466617813993262,0.036522806,15.601669
808592018765440,46.71981876949737,2.6283653777725102,1.985831101642426,0.6428625,20.143126
808695097980288,46.756519981923795,2.6189787410956775,2.514763992824071,0.06655038,16.612612
811645740024704,47.20028013438487,2.4974253212512796,2.2747047674837746,0.46139392,19.543846
817452535922816,47.062759808069345,2.645273320064919,2.582435683594238,0.53492016,19.740602
821786157654016,47.34486891138362,2.70587301292377,1.4986777557259023,0.50925976,19.64979
822164115358848,47.34387078768755,2.7157334303975156,3.7570324587998347,1.6160945,20.63134
822370273787136,47.36534770310669,2.736991778328507,1.5109031689988572,0.031462055,14.944997
823985181453952,47.158483042750966,2.7053378968031776,1.507362882136439,0.038995672,15.209178
827180637131904,46.89686265213696,2.573579501460869,1.188480099804072,0.018572355,13.88652
831441244686976,46.85560608906679,2.6550500718595584,1.7387590453607347,0.10349983,17.282763
833979569985408,46.98057116283777,2.7320563499745623,1.0473316680093323,0.36698425,19.297709
836178593140480,47.148430544603904,2.7350714006640846,1.6060751370402488,0.21263956,18.150543
837969594966272,47.21549903506015,2.789140926339879,2.509169633441074,0.09782392,16.5995
839000386836992,47.134883632878996,2.818101296808239,1.0777129141005395,0.8909981,20.224535
840924532467200,47.03626858975096,2.8371529910748925,2.7580013826681395,0.021561513,13.508644
842981821350144,47.16395303134845,2.9159011230253635,1.197205492507298,0.059371915,16.532005
845283925683328,45.736359779778425,1.863089729642453,4.2078378046455756,1.3789883,20.793606
847379867656192,45.8395383958461,1.9417873348556403,1.0798355537867925,0.2571725,19.013626
848719897906048,45.79944802224144,2.0010506203816862,1.4176037708073133,0.7502577,20.338352
852263246082432,45.67212861957669,2.0052981160915038,1.142421883620823,0.08497667,16.903828
853358462134272,45.897985246096646,1.970381663203312,3.739576496434006,0.16394584,18.169552
853495901422336,45.856370104924636,1.9622920812376208,2.8663251612148386,0.78099716,20.065182
853770778995712,45.923029453554825,1.9794800749815562,6.528982987907742,0.18492237,18.108389
858173121075968,45.830398552535875,2.0623845770873332,1.1523340294150781,0.044401858,15.597323
861712174120064,45.90436225337433,2.2096352360130904,1.6095268343747011,0.019298743,11.864871
865148147966976,45.639112763736804,2.1043146665510193,1.4669759025188052,0.0920286,17.439896
866552602189312,45.46357332071607,2.042934003590585,2.2170834893254647,0.16227797,18.428257
869683632881152,45.56796979041578,2.191130417581264,1.0173678869497302,0.36797753,19.462961
871642138514688,45.72635940004389,2.1607643236669523,2.999280796570671,0.023099585,14.462945
874734514962304,45.77536141930904,2.2609505107605523,2.622330649561978,0.12025361,17.61597
877822596086400,45.70248697932049,2.29311396504811,1.8735962774922195,0.33220828,19.073116
880777533571584,46.00652992203212,2.145083169666214,2.10345181171914,0.39862987,19.430944
882740334024576,46.16165093433724,2.244845540552686,5.600815846846076,0.036662094,15.257765
888031733699968,46.08272527862728,2.350130774671283,1.59453788613752,0.035766207,15.552104
888817712363264,46.227044396949275,2.2854754769322247,2.5451265880499463,0.29896677,19.00869
894113407389312,46.11377816131631,2.3861332639223627,2.302855432400174,0.017396258,10.996298
899056914525952,45.87986069417855,2.3507657119066923,2.5664382714874256,1.0833904,20.191002
902531543295616,45.814989559347175,2.4017905639710158,4.448673301590817,0.07648324,16.783909
904077731520384,45.85822904975218,2.415081784666594,1.4602689703026006,0.32805735,19.181374
911082822587008,46.037523643993424,2.5296173845346694,1.5420358870827773,0.016534813,12.587503
913831601956224,46.034666564124606,2.5981088334082667,1.152315642478413,0.6607934,20.219473
914209558946944,46.01223398093886,2.6469443357955997,1.1104448246125387,0.0638657,16.796864
925032877039104,45.45171802290513,2.3074847829498353,2.5863654779136342,0.5108784,19.5929
925685711473664,45.54149077718973,2.375741810018417,1.1792386857135966,0.3471122,19.003191
925690006601216,45.539719924248786,2.37524428500952,1.9170404635100837,0.7801774,20.27418
926510345198336,45.68820601098106,2.3843185833302187,1.3493591753517173,0.16312198,18.1008
940086737280512,45.130231663982514,2.43910909766331,1.5185200338632359,0.0707384,16.469269
940769637132544,45.1966357704984,2.4926913842243485,1.2454526148827647,0.27277493,19.018343
945549935699072,45.43744854045597,2.597568635918207,1.2720937443030453,0.23611371,17.889757
945618655155968,45.27443181364465,2.4898326879314023,5.478370974109317,0.058759946,16.320408
950257219857024,45.68066738607804,2.4167709422098245,3.665405083215331,0.10654189,17.107485
956098375573504,45.59594458518706,2.5575792313560335,2.019015367371426,0.64346427,19.805706
959667492793728,45.87923555346568,2.612096388220205,1.3028743811319188,0.19338311,18.612772
972900287436416,45.45912689924304,2.7022794296371933,2.6979575509837876,0.1041327,16.163054
974686993827456,45.53355746630368,2.7508549703191165,1.0327003681917915,0.04218418,15.571112
980459429866112,45.80928242041062,2.8817274362952423,1.4086425821427615,0.03205008,15.424252
983719309715968,45.766973567868185,2.9105517494834,5.86733040618213,0.49230328,19.96193
985746534388992,46.46113908881103,2.448014351671439,1.8911742445003763,0.60486895,20.15119
987331377181824,46.398652889130226,2.525881040425952,1.3237905327690351,0.41152397,19.701065
988289154696192,46.52322291902916,2.5497821244794623,2.2483452087108304,0.01652314,13.199563
991003574361728,46.24346282062454,2.539124720347489,1.9372426460723167,0.52777255,20.203907
993035094245632,46.399190584181575,2.6137050768625905,1.4113067689086523,0.020084118,11.3261595
995749513573120,46.60301954812002,2.6413410635530488,1.914636229065082,0.017359655,13.386888
998257774470016,46.685120937762186,2.7434217006770485,1.10356842258791,0.019958574,13.544282
1003136856862848,46.21144481639306,2.5777178598317927,2.1398763651608146,0.6791294,20.500748
1004197713778688,46.15326343296285,2.610135260053915,1.634053729101063,0.3948492,19.521843
1004987987567104,46.336848451988566,2.633710883652577,1.4030928396515385,0.74359274,20.607414
1007225666164608,46.13198407364416,2.6280571176227725,1.2804265298177828,0.050616026,16.131416
1008836278470784,46.15837049683233,2.7032348866935587,1.288352685107771,0.5377639,20.123596
1017155630541824,46.2755365136285,2.820084146055861,3.1172762298417758,0.07089524,16.112837
1028494344228608,46.71800727945718,2.9265645746322915,1.5309798417993845,0.023598963,13.592952
1031410626484992,47.01773278566753,2.9272496142263957,1.706311346846728,0.12363215,17.539574
1032647577331328,46.98854771026633,2.9772647213255863,1.3484917467008941,0.39212316,19.399666
1034571722453888,46.88734263106682,3.0044026147084653,1.1692581570557834,0.23605523,18.61115
1036392790809472,46.96769954472144,3.0516511326134013,1.2427450179118982,1.2107961,20.51028
1038488732834688,46.62424587506067,2.888428360453952,1.9810396691125451,0.83240384,20.09273
1039966201498624,46.5558739326205,2.9534278310486655,1.522315548302812,0.41270941,19.362192
1040893914446592,46.72872747656486,2.988600077214105,1.9301565437285313,0.6265864,19.429482
1050892598717824,46.83256502139904,3.165270262222607,1.0149163650838575,0.9210252,20.152494
1052679304925696,46.64426599389107,3.1552430200780863,1.9441451726936236,0.07664063,16.655745
1058005063914880,46.12279313890455,2.7859792086547555,1.2948919517385618,0.10722104,17.726398
1058623539395456,46.152836155776605,2.833299777015485,1.20311339590685,1.2729139,20.3046
1058898417123328,46.08415990464039,2.811399953281347,1.38703473224245,0.8361808,20.509272
1059211950308608,46.07553727440295,2.8480289703149566,4.458220434897986,0.015079018,11.584217
1062304326334976,46.08471191908675,2.8717150574546095,1.1992498180886346,0.5813583,20.097347
1064881307132032,46.270843887373005,2.8872832301456977,1.3946991284596781,0.025172818,14.52389
1067900668897792,46.258177290074734,2.978354736234921,2.060671280060487,1.1299974,20.26091
1071340937940352,46.2301959737994,3.031575098501283,3.009653073162485,0.57555175,19.76486
1075081853959040,45.86544827094186,2.9474450378738046,2.1347326198611274,0.38691452,19.68253
1077147733923968,45.99449801460093,3.0241475094955135,1.4053406393112569,0.13097888,18.135868
1079071878428288,45.764861747282566,3.0058210039065862,2.8146560733249397,0.3548099,19.512447
1080235815020928,45.87459884572051,3.050580422128649,9.890611633754878,0.5629495,20.073196
1080308829003136,45.934814996826944,3.049094351753462,1.3689196989394756,0.42617223,19.70971
1081197887730944,45.81456713507627,3.0733401313822184,1.175402077555744,0.21205163,18.7435
1082881514908160,46.101209308860675,3.066296155957126,1.1542950668273322,0.08257953,16.751722
1086699740962944,45.94366812249762,3.110352408582027,1.8938683855111031,0.020853912,14.143617
1087829317459584,45.91619398149469,3.1420475111011616,1.238778439454613,0.62435097,20.035957
1088172916211840,45.97863643428074,3.17078356110318,2.271637114001743,0.63978237,19.904303
1090651110660480,46.05064700177623,3.2623778649321213,1.646109978728787,1.770351,20.601866
1091505809241728,46.47196579664864,3.0736174177001376,1.9582481776340508,0.26728737,18.626545
1092914558513408,46.49270121716516,3.071178977735376,1.6357531172748592,0.29343262,18.792723
1095117876888448,46.31537372436022,3.0732610574267762,5.169577777673409,0.27784386,18.817686
1101641932048512,46.570718176798245,3.2687416376949114,1.1853931862643348,0.018200472,13.3264675
1102745738828928,46.698446414935894,3.3054501865208605,1.4727778244962424,0.08367847,17.072512
1108243296927360,46.567138196835174,3.410124174654869,2.6813877125229406,0.053751294,16.035122
1109956988877440,46.225148382992685,3.2220671228905533,1.78434545274418,0.5894713,19.369284
1112430889992448,46.2941521408192,3.306156019487047,1.611620289055432,0.27655193,18.704998
1114118811885056,46.0791035143122,3.2850998521920607,2.995993294885233,1.340037,20.564016
1130091798740736,43.64851268776315,1.3794245552369775,1.2073531035700802,1.1874877,20.510002
1141331725121664,43.77979021948969,1.5150891054417548,7.353385635447727,0.070121504,16.723866
1141812761457280,43.7778921522995,1.5571931764077604,2.384936957065094,0.030593397,15.198925
1145553677617536,43.41645826439638,1.4588094920914623,3.8753847178202836,0.015285323,10.991835
1146069073733504,43.47837138902937,1.466963893773548,1.3452739701890697,0.31817323,19.095587
1151674006344192,43.360242518249386,1.584978961210129,1.3546044106900104,0.01842234,12.969457
1154074892478592,43.61239327202918,1.593785306472629,2.6855496643664676,0.33845603,19.299946
1161015563095296,43.5829193727296,1.7653187216210262,1.192849381166312,0.5793684,20.336163
1161805834273280,44.02698858478809,1.5674564822619264,3.0152426734458233,0.22656901,18.979744
1164524548533632,44.01941847678361,1.633970396135475,1.7321135294169028,0.07699603,17.061531
1167823083394176,43.96731312855758,1.6711824945750593,1.11115931606375,1.6598405,20.63612
1168510277530880,43.96070679300214,1.7032189744796458,1.5503136539543647,0.5848661,20.091272
1169296257148160,43.91023772727685,1.743584953195063,2.582495144792942,0.2914973,19.044912
1169777293487360,43.96317169683954,1.7709359069497623,1.748866295582303,0.36585662,19.600237
1173247627159040,44.151989586929226,1.7679563276044346,1.3163078272627151,0.1734145,17.748346
1173763023252864,44.22464874773019,1.8083171083660623,4.70608832387969,0.65151215,20.115786
1178264148724480,44.15137579617245,1.8946830469281308,1.3654309240479492,0.97149545,20.511309
1178504667046528,44.10396318319592,1.908393847981446,1.144128737277396,0.6063585,20.22709
1178951342935936,43.75423414206114,1.665462625026598,1.1421194444957854,0.15313856,18.148512
1182048015078272,43.80629500323365,1.7697099231991211,1.6296208277829762,0.056605745,16.24264
1184036584376704,43.72663301404238,1.797350445020359,3.4968940461976423,0.5361483,19.997368
1186579205405952,43.73808564460055,1.8709936279290769,1.1299388683309324,0.16124283,18.13484
1187609999773952,43.965705216273356,1.820992320325172,1.1953261964581878,0.7364493,20.493809
1189602862391680,43.9326099437106,1.9170547341828037,5.409053383036571,0.18005475,18.19522
1189980819508736,44.024212694108144,1.8974189369637366,1.4612450179554555,0.2598947,19.044197
1191286489726976,43.98650691953059,1.967421147542008,1.0295475888662549,0.3694557,19.46531
1195791910414592,43.9363235179447,2.031012193062958,1.4310532121652217,0.020940868,12.240182
1196406090461312,43.26212709559025,1.5255825895102249,1.3410519404702814,0.101626754,17.579565
1203076174941696,43.24813774442228,1.6773458413759776,3.872493477249433,0.044949796,15.374732
1206576572874496,43.375455361398394,1.7268359644202211,1.2491792572469667,0.46062833,20.011469
1207302422753536,43.518889791968824,1.7368377492883276,3.222022931862811,0.06367772,16.80489
1207405501967744,43.53213781524446,1.7478837399650942,1.234679550144808,0.033233088,15.550884
1209462790897920,43.324361453936426,1.7284124531237748,1.590015442384335,1.2781118,20.65333
1214140010668928,43.04622761931675,1.6639169826856883,5.992168802909532,0.081130005,16.66359
1214170074767232,43.04828128024104,1.6768105992011855,1.4435704284105357,0.22610395,18.565866
1214754190458752,43.07166936795965,1.718659716880863,1.5657520069589776,0.3835879,19.678038
1217782142930304,43.14081493766644,1.8082341848335604,2.5401768834440372,0.043330975,15.684705
1223309765344640,43.2938257933166,1.8573484932321596,1.2340147035594822,0.8667392,20.322397
1224924672933248,43.31962126052997,1.8810336485491015,2.1853872914747257,0.20960683,18.179115
1225199550963328,43.3015612447519,1.8995509567128925,1.7811853902780566,0.6002294,19.951445
1226131559376000,43.32411023266055,1.9421699471486782,1.058884169608808,0.11683844,17.599075
1227127991764224,43.140273036236685,1.8785928554188185,1.106631737423202,0.16457269,18.269869
1228120128752768,43.19709402718111,1.966945444875439,2.029826805800466,0.4763261,19.954748
1229460158423552,43.25967674314392,1.9759813839572495,1.1564554497974877,0.29453343,19.223457
1229773691616128,43.24185343715314,2.0046049107861683,2.3798838150933768,0.098245054,17.266521
1233686406919040,43.692388754432606,1.889545107447031,1.2022586739873833,0.55542344,20.020756
1237401553556864,43.47819213906475,1.9622407313877743,1.539632609630742,0.032207504,15.462013
1239458845767296,43.54766415239371,2.016281884296929,2.4452949507693686,0.521683,20.10464
1242619938740992,43.89230160203068,2.053067716172147,1.9363372949008144,0.17776655,18.089838
1242619938741504,43.883769384214126,2.0551220765564944,1.506095115656351,0.26248524,18.86229
1243689385054464,43.83990797131257,2.076287867745292,1.646332516951289,0.42377615,19.618532
1244303565933952,43.87554379762085,2.1285409989477055,1.2302338308738703,0.22233652,18.744688
1248499749039360,43.77192443524465,2.168408848489221,2.235750576429802,0.060443796,16.601019
1249113928762624,43.406423787334944,1.9526442716956196,2.081512855367275,0.27370548,18.896921
1251897068105984,43.5533413628648,2.0773259521964325,2.688429835932919,0.21290304,18.080519
1252412463667328,43.44943331140103,2.06514131329545,2.9281834679380636,0.24420625,18.66922
1255264323330560,43.36792851374216,2.1234698868687505,2.9079602283965764,0.37344027,19.483912
1257433281019648,43.44135382162533,2.1886554982157085,2.9689179895733804,0.08930713,16.963703
1257983036833152,43.61551973262631,2.110969745706001,2.4683401283858095,0.019824278,14.054758
1259666664237056,43.61997605686017,2.203751722912525,2.436061024035669,0.23240103,14.964289
1260521362453760,43.670066191938076,2.2129505241055085,1.9881252252674848,0.24964456,18.857798
1268561541196416,44.27363111771279,1.8859251301857736,1.4331310297142517,0.91906357,20.53322
1273444919015552,44.304528506676974,1.975615864325222,1.328546007257964,0.08108758,16.841236
1277460713326208,44.44942618442729,2.0640436224057033,1.118591414741796,0.33597627,18.889463
1279041261413632,44.508361274835835,2.095091051087516,1.1801368681345106,0.9642481,20.154501
1279968974225664,44.40224692215561,2.0476253194460434,1.228322088933622,0.7991586,20.340143
1280759248213760,44.401854054426266,2.1002139178395884,2.2476081074216734,0.5419551,19.895575
1280759248333056,44.40273172886328,2.1015859938460117,1.3968289666075369,0.68142384,20.014147
1284096437919744,44.4744881305813,2.2040620149831334,1.3450100309872668,0.16549788,18.166874
1285019855697792,44.18802969681784,2.0203403987821056,2.3552626646181416,0.75543046,20.333569
1288528844124288,44.22448138096587,2.14565045953682,1.6969112256527916,0.34391326,19.307348
1290448694119680,44.06943873183398,2.1212902635890734,1.2409177686439967,0.40856102,19.591843
1291513846140288,44.18128783463958,2.15077697691953,2.3674140145795723,0.32967877,19.077494
